snapshot,match_count,time_minutes,bot_id,bot_name,elo
0,0,0.0,836,muravevTerran,1600.0
0,0,0.0,1054,JimmyBotZ,1600.0
0,0,0.0,1008,Creepy_canon,1600.0
0,0,0.0,1089,WorkingAsIntended,1600.0
0,0,0.0,1058,JimmyBotP,1600.0
0,0,0.0,1082,Dasyatis,1600.0
0,0,0.0,827,smokinggunbot,1600.0
0,0,0.0,1085,AgoraLord,1600.0
0,0,0.0,943,puck,1600.0
0,0,0.0,721,49Terrapins,1600.0
0,0,0.0,1080,JimmyBot,1600.0
0,0,0.0,526,Apidae,1600.0
0,0,0.0,720,PiG_Bot,1600.0
0,0,0.0,1007,SharkGull,1600.0
0,0,0.0,510,PhantomBot,1600.0
0,0,0.0,1049,TheCatSC2Bot,1600.0
0,0,0.0,201,QueenBot,1600.0
0,0,0.0,961,AvocaDOS,1600.0
0,0,0.0,1065,MindMatrix,1600.0
0,0,0.0,970,TheLAW,1600.0
0,0,0.0,167,TyrT,1600.0
0,0,0.0,960,BigDaddy,1600.0
0,0,0.0,49,MicroMachine,1600.0
0,0,0.0,1030,who,1600.0
0,0,0.0,797,WickedBot,1600.0
0,0,0.0,1078,LoremIpsum,1600.0
0,0,0.0,517,VeTerran-revived,1600.0
0,0,0.0,1079,JimmyBotT,1600.0
0,0,0.0,338,smallBly,1600.0
0,0,0.0,1060,WildFire,1600.0
0,0,0.0,1081,ArtZerg,1600.0
0,0,0.0,496,Zozo,1600.0
0,0,0.0,518,norman,1600.0
0,0,0.0,1038,PolyMorph,1600.0
0,0,0.0,40,SharpenedEdge,1600.0
0,0,0.0,262,whalemean,1600.0
0,0,0.0,759,BotTato,1600.0
0,0,0.0,730,Deimos,1600.0
0,0,0.0,168,sharkbot,1600.0
0,0,0.0,1042,Creepy_duo_canon,1600.0
0,0,0.0,971,Nothing,1600.0
0,0,0.0,876,GenesisLotus,1600.0
0,0,0.0,998,LordSuperKing,1600.0
0,0,0.0,1023,MY_SCRIPTING_SON,1600.0
0,0,0.0,340,MechaShark,1600.0
0,0,0.0,901,clone,1600.0
0,0,0.0,953,ZeratulsRevengeTest,1600.0
0,0,0.0,708,Princess-Mika,1600.0
0,0,0.0,112,Tyckles,1600.0
0,0,0.0,809,PrimordialOrigin,1600.0
0,0,0.0,341,gotest,1600.0
0,0,0.0,275,Lissy,1600.0
0,0,0.0,1057,DoopyBot-Test,1600.0
0,0,0.0,357,12PoolBot,1600.0
0,0,0.0,605,nida,1600.0
0,0,0.0,1045,tito,1600.0
0,0,0.0,981,KoB,1600.0
0,0,0.0,732,GPT,1600.0
0,0,0.0,223,DominionDog,1600.0
0,0,0.0,779,oberon,1600.0
0,0,0.0,940,Princess-Mika-Test,1600.0
0,0,0.0,858,Crawler,1600.0
0,0,0.0,516,27turtles,1600.0
0,0,0.0,1052,Starlight,1600.0
0,0,0.0,446,Xena,1600.0
0,0,0.0,1050,onlyfans,1600.0
0,0,0.0,637,72Tortoises,1600.0
0,0,0.0,729,Alexa,1600.0
0,0,0.0,248,Eris,1600.0
0,0,0.0,117,Chance,1600.0
0,0,0.0,346,Sharkling,1600.0
0,0,0.0,930,SiriusBot,1600.0
0,0,0.0,966,ArgoBot,1600.0
0,0,0.0,832,muravev,1600.0
0,0,0.0,115,BenBotBC,1600.0
0,0,0.0,718,Mulebot,1600.0
0,0,0.0,939,RustyNikolaj,1600.0
0,0,0.0,1044,DoopyBot,1600.0
0,0,0.0,1026,WildLupo,1600.0
0,0,0.0,977,Siriusly,1600.0
0,0,0.0,699,Clicadinha,1600.0
0,0,0.0,352,Belzebuth,1600.0
1,1000,990.51,836,muravevTerran,1547.77
1,1000,990.51,1054,JimmyBotZ,1579.81
1,1000,990.51,1008,Creepy_canon,1559.1
1,1000,990.51,1089,WorkingAsIntended,1631.97
1,1000,990.51,1058,JimmyBotP,1633.11
1,1000,990.51,1082,Dasyatis,1573.72
1,1000,990.51,827,smokinggunbot,1607.49
1,1000,990.51,1085,AgoraLord,1496.3
1,1000,990.51,943,puck,1534.19
1,1000,990.51,721,49Terrapins,1560.31
1,1000,990.51,1080,JimmyBot,1620.74
1,1000,990.51,526,Apidae,1592.23
1,1000,990.51,720,PiG_Bot,1632.13
1,1000,990.51,1007,SharkGull,1543.31
1,1000,990.51,510,PhantomBot,1650.08
1,1000,990.51,1049,TheCatSC2Bot,1448.19
1,1000,990.51,201,QueenBot,1611.34
1,1000,990.51,961,AvocaDOS,1650.26
1,1000,990.51,1065,MindMatrix,1582.63
1,1000,990.51,970,TheLAW,1581.3
1,1000,990.51,167,TyrT,1692.22
1,1000,990.51,960,BigDaddy,1645.5
1,1000,990.51,49,MicroMachine,1755.05
1,1000,990.51,1030,who,1689.39
1,1000,990.51,797,WickedBot,1596.86
1,1000,990.51,1078,LoremIpsum,1481.45
1,1000,990.51,517,VeTerran-revived,1705.04
1,1000,990.51,1079,JimmyBotT,1598.5
1,1000,990.51,338,smallBly,1663.14
1,1000,990.51,1060,WildFire,1628.9
1,1000,990.51,1081,ArtZerg,1589.88
1,1000,990.51,496,Zozo,1705.04
1,1000,990.51,518,norman,1608.2
1,1000,990.51,1038,PolyMorph,1526.37
1,1000,990.51,40,SharpenedEdge,1683.87
1,1000,990.51,262,whalemean,1653.01
1,1000,990.51,759,BotTato,1671.02
1,1000,990.51,730,Deimos,1694.82
1,1000,990.51,168,sharkbot,1678.18
1,1000,990.51,1042,Creepy_duo_canon,1527.54
1,1000,990.51,971,Nothing,1564.68
1,1000,990.51,876,GenesisLotus,1515.78
1,1000,990.51,998,LordSuperKing,1614.12
1,1000,990.51,1023,MY_SCRIPTING_SON,1484.34
1,1000,990.51,340,MechaShark,1658.48
1,1000,990.51,901,clone,1631.67
1,1000,990.51,953,ZeratulsRevengeTest,1590.32
1,1000,990.51,708,Princess-Mika,1534.81
1,1000,990.51,112,Tyckles,1496.11
1,1000,990.51,809,PrimordialOrigin,1511.89
1,1000,990.51,341,gotest,1548.29
1,1000,990.51,275,Lissy,1621.63
1,1000,990.51,1057,DoopyBot-Test,1501.24
1,1000,990.51,357,12PoolBot,1662.99
1,1000,990.51,605,nida,1633.67
1,1000,990.51,1045,tito,1657.28
1,1000,990.51,981,KoB,1546.4
1,1000,990.51,732,GPT,1685.79
1,1000,990.51,223,DominionDog,1718.14
1,1000,990.51,779,oberon,1540.12
1,1000,990.51,940,Princess-Mika-Test,1569.43
1,1000,990.51,858,Crawler,1571.22
1,1000,990.51,516,27turtles,1607.18
1,1000,990.51,1052,Starlight,1514.69
1,1000,990.51,446,Xena,1686.88
1,1000,990.51,1050,onlyfans,1583.0
1,1000,990.51,637,72Tortoises,1641.55
1,1000,990.51,729,Alexa,1486.08
1,1000,990.51,248,Eris,1710.08
1,1000,990.51,117,Chance,1574.72
1,1000,990.51,346,Sharkling,1603.45
1,1000,990.51,930,SiriusBot,1584.51
1,1000,990.51,966,ArgoBot,1662.35
1,1000,990.51,832,muravev,1628.72
1,1000,990.51,115,BenBotBC,1670.43
1,1000,990.51,718,Mulebot,1611.89
1,1000,990.51,939,RustyNikolaj,1542.84
1,1000,990.51,1044,DoopyBot,1567.48
1,1000,990.51,1026,WildLupo,1537.73
1,1000,990.51,977,Siriusly,1555.75
1,1000,990.51,699,Clicadinha,1614.08
1,1000,990.51,352,Belzebuth,1528.23
2,2000,2135.73,836,muravevTerran,1557.98
2,2000,2135.73,1054,JimmyBotZ,1596.7
2,2000,2135.73,1008,Creepy_canon,1630.66
2,2000,2135.73,1089,WorkingAsIntended,1568.91
2,2000,2135.73,1058,JimmyBotP,1665.87
2,2000,2135.73,1082,Dasyatis,1530.93
2,2000,2135.73,827,smokinggunbot,1629.52
2,2000,2135.73,1085,AgoraLord,1455.05
2,2000,2135.73,943,puck,1501.4
2,2000,2135.73,721,49Terrapins,1623.85
2,2000,2135.73,1080,JimmyBot,1616.32
2,2000,2135.73,526,Apidae,1614.5
2,2000,2135.73,720,PiG_Bot,1506.37
2,2000,2135.73,1007,SharkGull,1607.04
2,2000,2135.73,510,PhantomBot,1697.12
2,2000,2135.73,1049,TheCatSC2Bot,1409.46
2,2000,2135.73,201,QueenBot,1601.65
2,2000,2135.73,961,AvocaDOS,1594.53
2,2000,2135.73,1065,MindMatrix,1541.3
2,2000,2135.73,970,TheLAW,1614.45
2,2000,2135.73,167,TyrT,1684.65
2,2000,2135.73,960,BigDaddy,1652.29
2,2000,2135.73,49,MicroMachine,1772.41
2,2000,2135.73,1030,who,1711.67
2,2000,2135.73,797,WickedBot,1626.32
2,2000,2135.73,1078,LoremIpsum,1467.37
2,2000,2135.73,517,VeTerran-revived,1655.03
2,2000,2135.73,1079,JimmyBotT,1587.06
2,2000,2135.73,338,smallBly,1634.77
2,2000,2135.73,1060,WildFire,1651.97
2,2000,2135.73,1081,ArtZerg,1570.64
2,2000,2135.73,496,Zozo,1780.9
2,2000,2135.73,518,norman,1615.94
2,2000,2135.73,1038,PolyMorph,1532.61
2,2000,2135.73,40,SharpenedEdge,1692.82
2,2000,2135.73,262,whalemean,1705.76
2,2000,2135.73,759,BotTato,1604.86
2,2000,2135.73,730,Deimos,1795.45
2,2000,2135.73,168,sharkbot,1697.14
2,2000,2135.73,1042,Creepy_duo_canon,1549.14
2,2000,2135.73,971,Nothing,1639.69
2,2000,2135.73,876,GenesisLotus,1500.25
2,2000,2135.73,998,LordSuperKing,1661.35
2,2000,2135.73,1023,MY_SCRIPTING_SON,1453.6
2,2000,2135.73,340,MechaShark,1662.24
2,2000,2135.73,901,clone,1636.58
2,2000,2135.73,953,ZeratulsRevengeTest,1633.21
2,2000,2135.73,708,Princess-Mika,1574.64
2,2000,2135.73,112,Tyckles,1509.7
2,2000,2135.73,809,PrimordialOrigin,1484.38
2,2000,2135.73,341,gotest,1490.05
2,2000,2135.73,275,Lissy,1570.36
2,2000,2135.73,1057,DoopyBot-Test,1527.9
2,2000,2135.73,357,12PoolBot,1614.4
2,2000,2135.73,605,nida,1550.69
2,2000,2135.73,1045,tito,1610.84
2,2000,2135.73,981,KoB,1547.8
2,2000,2135.73,732,GPT,1676.72
2,2000,2135.73,223,DominionDog,1688.61
2,2000,2135.73,779,oberon,1529.15
2,2000,2135.73,940,Princess-Mika-Test,1547.8
2,2000,2135.73,858,Crawler,1574.99
2,2000,2135.73,516,27turtles,1567.81
2,2000,2135.73,1052,Starlight,1447.72
2,2000,2135.73,446,Xena,1772.12
2,2000,2135.73,1050,onlyfans,1532.86
2,2000,2135.73,637,72Tortoises,1625.54
2,2000,2135.73,729,Alexa,1469.4
2,2000,2135.73,248,Eris,1864.62
2,2000,2135.73,117,Chance,1514.87
2,2000,2135.73,346,Sharkling,1749.87
2,2000,2135.73,930,SiriusBot,1520.61
2,2000,2135.73,966,ArgoBot,1644.29
2,2000,2135.73,832,muravev,1650.61
2,2000,2135.73,115,BenBotBC,1788.49
2,2000,2135.73,718,Mulebot,1637.21
2,2000,2135.73,939,RustyNikolaj,1591.92
2,2000,2135.73,1044,DoopyBot,1525.63
2,2000,2135.73,1026,WildLupo,1494.98
2,2000,2135.73,977,Siriusly,1486.19
2,2000,2135.73,699,Clicadinha,1621.59
2,2000,2135.73,352,Belzebuth,1456.33
3,3000,3332.16,836,muravevTerran,1564.21
3,3000,3332.16,1054,JimmyBotZ,1653.4
3,3000,3332.16,1008,Creepy_canon,1622.78
3,3000,3332.16,1089,WorkingAsIntended,1575.17
3,3000,3332.16,1058,JimmyBotP,1651.06
3,3000,3332.16,1082,Dasyatis,1553.92
3,3000,3332.16,827,smokinggunbot,1607.51
3,3000,3332.16,1085,AgoraLord,1541.11
3,3000,3332.16,943,puck,1542.68
3,3000,3332.16,721,49Terrapins,1509.13
3,3000,3332.16,1080,JimmyBot,1636.89
3,3000,3332.16,526,Apidae,1630.28
3,3000,3332.16,720,PiG_Bot,1533.1
3,3000,3332.16,1007,SharkGull,1567.46
3,3000,3332.16,510,PhantomBot,1690.43
3,3000,3332.16,1049,TheCatSC2Bot,1345.51
3,3000,3332.16,201,QueenBot,1623.86
3,3000,3332.16,961,AvocaDOS,1674.5
3,3000,3332.16,1065,MindMatrix,1549.2
3,3000,3332.16,970,TheLAW,1601.66
3,3000,3332.16,167,TyrT,1714.8
3,3000,3332.16,960,BigDaddy,1614.99
3,3000,3332.16,49,MicroMachine,1809.74
3,3000,3332.16,1030,who,1755.99
3,3000,3332.16,797,WickedBot,1637.47
3,3000,3332.16,1078,LoremIpsum,1408.68
3,3000,3332.16,517,VeTerran-revived,1636.04
3,3000,3332.16,1079,JimmyBotT,1551.52
3,3000,3332.16,338,smallBly,1632.72
3,3000,3332.16,1060,WildFire,1607.42
3,3000,3332.16,1081,ArtZerg,1599.51
3,3000,3332.16,496,Zozo,1804.34
3,3000,3332.16,518,norman,1663.35
3,3000,3332.16,1038,PolyMorph,1529.07
3,3000,3332.16,40,SharpenedEdge,1740.18
3,3000,3332.16,262,whalemean,1695.82
3,3000,3332.16,759,BotTato,1676.44
3,3000,3332.16,730,Deimos,1858.25
3,3000,3332.16,168,sharkbot,1704.73
3,3000,3332.16,1042,Creepy_duo_canon,1538.26
3,3000,3332.16,971,Nothing,1589.37
3,3000,3332.16,876,GenesisLotus,1483.11
3,3000,3332.16,998,LordSuperKing,1585.3
3,3000,3332.16,1023,MY_SCRIPTING_SON,1436.9
3,3000,3332.16,340,MechaShark,1676.51
3,3000,3332.16,901,clone,1590.28
3,3000,3332.16,953,ZeratulsRevengeTest,1643.87
3,3000,3332.16,708,Princess-Mika,1545.7
3,3000,3332.16,112,Tyckles,1506.78
3,3000,3332.16,809,PrimordialOrigin,1481.91
3,3000,3332.16,341,gotest,1471.78
3,3000,3332.16,275,Lissy,1553.72
3,3000,3332.16,1057,DoopyBot-Test,1504.7
3,3000,3332.16,357,12PoolBot,1640.83
3,3000,3332.16,605,nida,1620.25
3,3000,3332.16,1045,tito,1668.68
3,3000,3332.16,981,KoB,1618.46
3,3000,3332.16,732,GPT,1651.01
3,3000,3332.16,223,DominionDog,1725.31
3,3000,3332.16,779,oberon,1512.52
3,3000,3332.16,940,Princess-Mika-Test,1537.27
3,3000,3332.16,858,Crawler,1618.83
3,3000,3332.16,516,27turtles,1556.14
3,3000,3332.16,1052,Starlight,1399.46
3,3000,3332.16,446,Xena,1767.29
3,3000,3332.16,1050,onlyfans,1556.02
3,3000,3332.16,637,72Tortoises,1622.2
3,3000,3332.16,729,Alexa,1444.94
3,3000,3332.16,248,Eris,1931.11
3,3000,3332.16,117,Chance,1499.86
3,3000,3332.16,346,Sharkling,1690.04
3,3000,3332.16,930,SiriusBot,1514.6
3,3000,3332.16,966,ArgoBot,1710.71
3,3000,3332.16,832,muravev,1596.96
3,3000,3332.16,115,BenBotBC,1830.25
3,3000,3332.16,718,Mulebot,1598.94
3,3000,3332.16,939,RustyNikolaj,1544.28
3,3000,3332.16,1044,DoopyBot,1521.9
3,3000,3332.16,1026,WildLupo,1447.1
3,3000,3332.16,977,Siriusly,1452.56
3,3000,3332.16,699,Clicadinha,1576.21
3,3000,3332.16,352,Belzebuth,1423.18
4,4000,4574.11,836,muravevTerran,1526.53
4,4000,4574.11,1054,JimmyBotZ,1634.87
4,4000,4574.11,1008,Creepy_canon,1592.71
4,4000,4574.11,1089,WorkingAsIntended,1546.72
4,4000,4574.11,1058,JimmyBotP,1601.34
4,4000,4574.11,1082,Dasyatis,1587.2
4,4000,4574.11,827,smokinggunbot,1625.05
4,4000,4574.11,1085,AgoraLord,1520.33
4,4000,4574.11,943,puck,1544.41
4,4000,4574.11,721,49Terrapins,1503.01
4,4000,4574.11,1080,JimmyBot,1599.91
4,4000,4574.11,526,Apidae,1640.2
4,4000,4574.11,720,PiG_Bot,1599.21
4,4000,4574.11,1007,SharkGull,1591.67
4,4000,4574.11,510,PhantomBot,1735.14
4,4000,4574.11,1049,TheCatSC2Bot,1295.68
4,4000,4574.11,201,QueenBot,1642.54
4,4000,4574.11,961,AvocaDOS,1636.15
4,4000,4574.11,1065,MindMatrix,1523.87
4,4000,4574.11,970,TheLAW,1661.74
4,4000,4574.11,167,TyrT,1676.13
4,4000,4574.11,960,BigDaddy,1591.22
4,4000,4574.11,49,MicroMachine,1833.66
4,4000,4574.11,1030,who,1795.29
4,4000,4574.11,797,WickedBot,1625.18
4,4000,4574.11,1078,LoremIpsum,1370.9
4,4000,4574.11,517,VeTerran-revived,1676.08
4,4000,4574.11,1079,JimmyBotT,1638.56
4,4000,4574.11,338,smallBly,1674.87
4,4000,4574.11,1060,WildFire,1608.87
4,4000,4574.11,1081,ArtZerg,1557.25
4,4000,4574.11,496,Zozo,1844.89
4,4000,4574.11,518,norman,1613.57
4,4000,4574.11,1038,PolyMorph,1531.12
4,4000,4574.11,40,SharpenedEdge,1743.04
4,4000,4574.11,262,whalemean,1668.06
4,4000,4574.11,759,BotTato,1592.14
4,4000,4574.11,730,Deimos,1920.25
4,4000,4574.11,168,sharkbot,1748.93
4,4000,4574.11,1042,Creepy_duo_canon,1525.87
4,4000,4574.11,971,Nothing,1638.31
4,4000,4574.11,876,GenesisLotus,1478.13
4,4000,4574.11,998,LordSuperKing,1672.57
4,4000,4574.11,1023,MY_SCRIPTING_SON,1457.48
4,4000,4574.11,340,MechaShark,1653.4
4,4000,4574.11,901,clone,1565.26
4,4000,4574.11,953,ZeratulsRevengeTest,1616.72
4,4000,4574.11,708,Princess-Mika,1530.43
4,4000,4574.11,112,Tyckles,1510.82
4,4000,4574.11,809,PrimordialOrigin,1441.95
4,4000,4574.11,341,gotest,1479.82
4,4000,4574.11,275,Lissy,1530.41
4,4000,4574.11,1057,DoopyBot-Test,1482.76
4,4000,4574.11,357,12PoolBot,1654.58
4,4000,4574.11,605,nida,1645.45
4,4000,4574.11,1045,tito,1637.23
4,4000,4574.11,981,KoB,1567.13
4,4000,4574.11,732,GPT,1652.81
4,4000,4574.11,223,DominionDog,1738.91
4,4000,4574.11,779,oberon,1489.48
4,4000,4574.11,940,Princess-Mika-Test,1522.69
4,4000,4574.11,858,Crawler,1586.95
4,4000,4574.11,516,27turtles,1566.64
4,4000,4574.11,1052,Starlight,1381.23
4,4000,4574.11,446,Xena,1757.69
4,4000,4574.11,1050,onlyfans,1526.47
4,4000,4574.11,637,72Tortoises,1674.74
4,4000,4574.11,729,Alexa,1460.94
4,4000,4574.11,248,Eris,1976.16
4,4000,4574.11,117,Chance,1488.6
4,4000,4574.11,346,Sharkling,1663.2
4,4000,4574.11,930,SiriusBot,1540.36
4,4000,4574.11,966,ArgoBot,1782.21
4,4000,4574.11,832,muravev,1610.99
4,4000,4574.11,115,BenBotBC,1861.51
4,4000,4574.11,718,Mulebot,1613.5
4,4000,4574.11,939,RustyNikolaj,1554.58
4,4000,4574.11,1044,DoopyBot,1522.09
4,4000,4574.11,1026,WildLupo,1404.84
4,4000,4574.11,977,Siriusly,1446.11
4,4000,4574.11,699,Clicadinha,1572.33
4,4000,4574.11,352,Belzebuth,1398.39
5,5000,5751.94,836,muravevTerran,1536.0
5,5000,5751.94,1054,JimmyBotZ,1670.41
5,5000,5751.94,1008,Creepy_canon,1543.09
5,5000,5751.94,1089,WorkingAsIntended,1554.06
5,5000,5751.94,1058,JimmyBotP,1611.13
5,5000,5751.94,1082,Dasyatis,1569.99
5,5000,5751.94,827,smokinggunbot,1565.26
5,5000,5751.94,1085,AgoraLord,1485.66
5,5000,5751.94,943,puck,1544.41
5,5000,5751.94,721,49Terrapins,1518.37
5,5000,5751.94,1080,JimmyBot,1590.98
5,5000,5751.94,526,Apidae,1576.71
5,5000,5751.94,720,PiG_Bot,1602.85
5,5000,5751.94,1007,SharkGull,1566.38
5,5000,5751.94,510,PhantomBot,1740.61
5,5000,5751.94,1049,TheCatSC2Bot,1247.66
5,5000,5751.94,201,QueenBot,1611.93
5,5000,5751.94,961,AvocaDOS,1640.07
5,5000,5751.94,1065,MindMatrix,1510.55
5,5000,5751.94,970,TheLAW,1567.62
5,5000,5751.94,167,TyrT,1688.07
5,5000,5751.94,960,BigDaddy,1646.59
5,5000,5751.94,49,MicroMachine,1823.95
5,5000,5751.94,1030,who,1808.4
5,5000,5751.94,797,WickedBot,1640.61
5,5000,5751.94,1078,LoremIpsum,1367.43
5,5000,5751.94,517,VeTerran-revived,1719.11
5,5000,5751.94,1079,JimmyBotT,1657.64
5,5000,5751.94,338,smallBly,1706.16
5,5000,5751.94,1060,WildFire,1597.06
5,5000,5751.94,1081,ArtZerg,1557.25
5,5000,5751.94,496,Zozo,1850.94
5,5000,5751.94,518,norman,1620.71
5,5000,5751.94,1038,PolyMorph,1518.1
5,5000,5751.94,40,SharpenedEdge,1744.5
5,5000,5751.94,262,whalemean,1707.28
5,5000,5751.94,759,BotTato,1689.98
5,5000,5751.94,730,Deimos,1933.48
5,5000,5751.94,168,sharkbot,1761.11
5,5000,5751.94,1042,Creepy_duo_canon,1526.38
5,5000,5751.94,971,Nothing,1577.73
5,5000,5751.94,876,GenesisLotus,1476.77
5,5000,5751.94,998,LordSuperKing,1594.1
5,5000,5751.94,1023,MY_SCRIPTING_SON,1516.82
5,5000,5751.94,340,MechaShark,1629.39
5,5000,5751.94,901,clone,1565.26
5,5000,5751.94,953,ZeratulsRevengeTest,1683.49
5,5000,5751.94,708,Princess-Mika,1533.59
5,5000,5751.94,112,Tyckles,1495.22
5,5000,5751.94,809,PrimordialOrigin,1432.66
5,5000,5751.94,341,gotest,1462.64
5,5000,5751.94,275,Lissy,1606.42
5,5000,5751.94,1057,DoopyBot-Test,1457.58
5,5000,5751.94,357,12PoolBot,1687.21
5,5000,5751.94,605,nida,1616.53
5,5000,5751.94,1045,tito,1597.11
5,5000,5751.94,981,KoB,1561.95
5,5000,5751.94,732,GPT,1708.33
5,5000,5751.94,223,DominionDog,1809.09
5,5000,5751.94,779,oberon,1437.8
5,5000,5751.94,940,Princess-Mika-Test,1526.76
5,5000,5751.94,858,Crawler,1577.9
5,5000,5751.94,516,27turtles,1562.71
5,5000,5751.94,1052,Starlight,1369.3
5,5000,5751.94,446,Xena,1735.37
5,5000,5751.94,1050,onlyfans,1526.47
5,5000,5751.94,637,72Tortoises,1649.39
5,5000,5751.94,729,Alexa,1440.95
5,5000,5751.94,248,Eris,2033.22
5,5000,5751.94,117,Chance,1437.96
5,5000,5751.94,346,Sharkling,1678.38
5,5000,5751.94,930,SiriusBot,1544.83
5,5000,5751.94,966,ArgoBot,1779.97
5,5000,5751.94,832,muravev,1656.61
5,5000,5751.94,115,BenBotBC,1933.89
5,5000,5751.94,718,Mulebot,1613.33
5,5000,5751.94,939,RustyNikolaj,1540.48
5,5000,5751.94,1044,DoopyBot,1488.35
5,5000,5751.94,1026,WildLupo,1334.07
5,5000,5751.94,977,Siriusly,1451.04
5,5000,5751.94,699,Clicadinha,1634.88
5,5000,5751.94,352,Belzebuth,1415.95
6,6000,6947.82,836,muravevTerran,1518.1
6,6000,6947.82,1054,JimmyBotZ,1670.25
6,6000,6947.82,1008,Creepy_canon,1543.09
6,6000,6947.82,1089,WorkingAsIntended,1632.42
6,6000,6947.82,1058,JimmyBotP,1633.11
6,6000,6947.82,1082,Dasyatis,1563.53
6,6000,6947.82,827,smokinggunbot,1510.39
6,6000,6947.82,1085,AgoraLord,1487.12
6,6000,6947.82,943,puck,1519.48
6,6000,6947.82,721,49Terrapins,1499.64
6,6000,6947.82,1080,JimmyBot,1575.66
6,6000,6947.82,526,Apidae,1529.43
6,6000,6947.82,720,PiG_Bot,1628.02
6,6000,6947.82,1007,SharkGull,1559.14
6,6000,6947.82,510,PhantomBot,1731.53
6,6000,6947.82,1049,TheCatSC2Bot,1197.94
6,6000,6947.82,201,QueenBot,1560.48
6,6000,6947.82,961,AvocaDOS,1748.47
6,6000,6947.82,1065,MindMatrix,1503.8
6,6000,6947.82,970,TheLAW,1540.36
6,6000,6947.82,167,TyrT,1700.17
6,6000,6947.82,960,BigDaddy,1598.42
6,6000,6947.82,49,MicroMachine,1836.69
6,6000,6947.82,1030,who,1817.81
6,6000,6947.82,797,WickedBot,1612.69
6,6000,6947.82,1078,LoremIpsum,1370.44
6,6000,6947.82,517,VeTerran-revived,1763.79
6,6000,6947.82,1079,JimmyBotT,1624.57
6,6000,6947.82,338,smallBly,1767.39
6,6000,6947.82,1060,WildFire,1587.32
6,6000,6947.82,1081,ArtZerg,1582.2
6,6000,6947.82,496,Zozo,1891.44
6,6000,6947.82,518,norman,1712.28
6,6000,6947.82,1038,PolyMorph,1538.98
6,6000,6947.82,40,SharpenedEdge,1748.41
6,6000,6947.82,262,whalemean,1678.63
6,6000,6947.82,759,BotTato,1712.97
6,6000,6947.82,730,Deimos,1976.99
6,6000,6947.82,168,sharkbot,1797.29
6,6000,6947.82,1042,Creepy_duo_canon,1512.24
6,6000,6947.82,971,Nothing,1565.06
6,6000,6947.82,876,GenesisLotus,1438.38
6,6000,6947.82,998,LordSuperKing,1587.26
6,6000,6947.82,1023,MY_SCRIPTING_SON,1481.98
6,6000,6947.82,340,MechaShark,1670.06
6,6000,6947.82,901,clone,1585.08
6,6000,6947.82,953,ZeratulsRevengeTest,1619.02
6,6000,6947.82,708,Princess-Mika,1545.12
6,6000,6947.82,112,Tyckles,1477.08
6,6000,6947.82,809,PrimordialOrigin,1414.03
6,6000,6947.82,341,gotest,1475.86
6,6000,6947.82,275,Lissy,1602.89
6,6000,6947.82,1057,DoopyBot-Test,1460.91
6,6000,6947.82,357,12PoolBot,1661.05
6,6000,6947.82,605,nida,1631.62
6,6000,6947.82,1045,tito,1622.75
6,6000,6947.82,981,KoB,1544.28
6,6000,6947.82,732,GPT,1767.75
6,6000,6947.82,223,DominionDog,1791.13
6,6000,6947.82,779,oberon,1407.59
6,6000,6947.82,940,Princess-Mika-Test,1515.59
6,6000,6947.82,858,Crawler,1584.27
6,6000,6947.82,516,27turtles,1522.44
6,6000,6947.82,1052,Starlight,1341.15
6,6000,6947.82,446,Xena,1737.78
6,6000,6947.82,1050,onlyfans,1528.53
6,6000,6947.82,637,72Tortoises,1618.04
6,6000,6947.82,729,Alexa,1425.45
6,6000,6947.82,248,Eris,2052.31
6,6000,6947.82,117,Chance,1493.12
6,6000,6947.82,346,Sharkling,1692.04
6,6000,6947.82,930,SiriusBot,1579.97
6,6000,6947.82,966,ArgoBot,1802.8
6,6000,6947.82,832,muravev,1603.22
6,6000,6947.82,115,BenBotBC,1927.0
6,6000,6947.82,718,Mulebot,1604.94
6,6000,6947.82,939,RustyNikolaj,1536.59
6,6000,6947.82,1044,DoopyBot,1531.93
6,6000,6947.82,1026,WildLupo,1350.01
6,6000,6947.82,977,Siriusly,1463.2
6,6000,6947.82,699,Clicadinha,1613.79
6,6000,6947.82,352,Belzebuth,1344.27
7,7000,8176.87,836,muravevTerran,1511.52
7,7000,8176.87,1054,JimmyBotZ,1601.49
7,7000,8176.87,1008,Creepy_canon,1534.14
7,7000,8176.87,1089,WorkingAsIntended,1570.81
7,7000,8176.87,1058,JimmyBotP,1623.25
7,7000,8176.87,1082,Dasyatis,1600.68
7,7000,8176.87,827,smokinggunbot,1521.02
7,7000,8176.87,1085,AgoraLord,1466.52
7,7000,8176.87,943,puck,1513.12
7,7000,8176.87,721,49Terrapins,1527.0
7,7000,8176.87,1080,JimmyBot,1603.38
7,7000,8176.87,526,Apidae,1569.49
7,7000,8176.87,720,PiG_Bot,1590.45
7,7000,8176.87,1007,SharkGull,1532.47
7,7000,8176.87,510,PhantomBot,1755.15
7,7000,8176.87,1049,TheCatSC2Bot,1173.18
7,7000,8176.87,201,QueenBot,1543.13
7,7000,8176.87,961,AvocaDOS,1719.43
7,7000,8176.87,1065,MindMatrix,1520.05
7,7000,8176.87,970,TheLAW,1572.25
7,7000,8176.87,167,TyrT,1734.95
7,7000,8176.87,960,BigDaddy,1618.37
7,7000,8176.87,49,MicroMachine,1832.41
7,7000,8176.87,1030,who,1827.25
7,7000,8176.87,797,WickedBot,1644.86
7,7000,8176.87,1078,LoremIpsum,1351.73
7,7000,8176.87,517,VeTerran-revived,1802.12
7,7000,8176.87,1079,JimmyBotT,1624.72
7,7000,8176.87,338,smallBly,1719.57
7,7000,8176.87,1060,WildFire,1656.4
7,7000,8176.87,1081,ArtZerg,1523.59
7,7000,8176.87,496,Zozo,1942.39
7,7000,8176.87,518,norman,1648.94
7,7000,8176.87,1038,PolyMorph,1533.63
7,7000,8176.87,40,SharpenedEdge,1799.75
7,7000,8176.87,262,whalemean,1731.77
7,7000,8176.87,759,BotTato,1694.9
7,7000,8176.87,730,Deimos,1930.99
7,7000,8176.87,168,sharkbot,1746.88
7,7000,8176.87,1042,Creepy_duo_canon,1521.88
7,7000,8176.87,971,Nothing,1505.17
7,7000,8176.87,876,GenesisLotus,1491.21
7,7000,8176.87,998,LordSuperKing,1592.65
7,7000,8176.87,1023,MY_SCRIPTING_SON,1479.72
7,7000,8176.87,340,MechaShark,1669.38
7,7000,8176.87,901,clone,1646.09
7,7000,8176.87,953,ZeratulsRevengeTest,1633.98
7,7000,8176.87,708,Princess-Mika,1523.82
7,7000,8176.87,112,Tyckles,1440.7
7,7000,8176.87,809,PrimordialOrigin,1467.85
7,7000,8176.87,341,gotest,1432.77
7,7000,8176.87,275,Lissy,1581.6
7,7000,8176.87,1057,DoopyBot-Test,1446.36
7,7000,8176.87,357,12PoolBot,1693.38
7,7000,8176.87,605,nida,1598.84
7,7000,8176.87,1045,tito,1685.24
7,7000,8176.87,981,KoB,1531.51
7,7000,8176.87,732,GPT,1752.47
7,7000,8176.87,223,DominionDog,1831.36
7,7000,8176.87,779,oberon,1429.4
7,7000,8176.87,940,Princess-Mika-Test,1509.59
7,7000,8176.87,858,Crawler,1528.04
7,7000,8176.87,516,27turtles,1556.79
7,7000,8176.87,1052,Starlight,1318.85
7,7000,8176.87,446,Xena,1728.55
7,7000,8176.87,1050,onlyfans,1576.01
7,7000,8176.87,637,72Tortoises,1626.19
7,7000,8176.87,729,Alexa,1401.15
7,7000,8176.87,248,Eris,2100.13
7,7000,8176.87,117,Chance,1478.89
7,7000,8176.87,346,Sharkling,1708.64
7,7000,8176.87,930,SiriusBot,1504.73
7,7000,8176.87,966,ArgoBot,1834.79
7,7000,8176.87,832,muravev,1604.52
7,7000,8176.87,115,BenBotBC,1927.68
7,7000,8176.87,718,Mulebot,1605.92
7,7000,8176.87,939,RustyNikolaj,1566.23
7,7000,8176.87,1044,DoopyBot,1524.02
7,7000,8176.87,1026,WildLupo,1346.04
7,7000,8176.87,977,Siriusly,1464.5
7,7000,8176.87,699,Clicadinha,1640.4
7,7000,8176.87,352,Belzebuth,1279.21
8,8000,9503.39,836,muravevTerran,1522.7
8,8000,9503.39,1054,JimmyBotZ,1581.1
8,8000,9503.39,1008,Creepy_canon,1528.9
8,8000,9503.39,1089,WorkingAsIntended,1559.68
8,8000,9503.39,1058,JimmyBotP,1601.36
8,8000,9503.39,1082,Dasyatis,1552.99
8,8000,9503.39,827,smokinggunbot,1497.27
8,8000,9503.39,1085,AgoraLord,1434.94
8,8000,9503.39,943,puck,1526.4
8,8000,9503.39,721,49Terrapins,1490.01
8,8000,9503.39,1080,JimmyBot,1634.77
8,8000,9503.39,526,Apidae,1540.49
8,8000,9503.39,720,PiG_Bot,1612.16
8,8000,9503.39,1007,SharkGull,1556.45
8,8000,9503.39,510,PhantomBot,1754.46
8,8000,9503.39,1049,TheCatSC2Bot,1162.58
8,8000,9503.39,201,QueenBot,1555.52
8,8000,9503.39,961,AvocaDOS,1703.79
8,8000,9503.39,1065,MindMatrix,1522.36
8,8000,9503.39,970,TheLAW,1642.56
8,8000,9503.39,167,TyrT,1711.89
8,8000,9503.39,960,BigDaddy,1608.87
8,8000,9503.39,49,MicroMachine,1865.09
8,8000,9503.39,1030,who,1863.08
8,8000,9503.39,797,WickedBot,1729.33
8,8000,9503.39,1078,LoremIpsum,1370.05
8,8000,9503.39,517,VeTerran-revived,1788.75
8,8000,9503.39,1079,JimmyBotT,1618.5
8,8000,9503.39,338,smallBly,1715.19
8,8000,9503.39,1060,WildFire,1652.86
8,8000,9503.39,1081,ArtZerg,1565.06
8,8000,9503.39,496,Zozo,1943.46
8,8000,9503.39,518,norman,1679.57
8,8000,9503.39,1038,PolyMorph,1501.02
8,8000,9503.39,40,SharpenedEdge,1817.38
8,8000,9503.39,262,whalemean,1757.45
8,8000,9503.39,759,BotTato,1638.97
8,8000,9503.39,730,Deimos,1980.65
8,8000,9503.39,168,sharkbot,1774.02
8,8000,9503.39,1042,Creepy_duo_canon,1510.79
8,8000,9503.39,971,Nothing,1542.11
8,8000,9503.39,876,GenesisLotus,1484.61
8,8000,9503.39,998,LordSuperKing,1602.66
8,8000,9503.39,1023,MY_SCRIPTING_SON,1433.01
8,8000,9503.39,340,MechaShark,1651.45
8,8000,9503.39,901,clone,1672.13
8,8000,9503.39,953,ZeratulsRevengeTest,1642.49
8,8000,9503.39,708,Princess-Mika,1540.49
8,8000,9503.39,112,Tyckles,1464.62
8,8000,9503.39,809,PrimordialOrigin,1411.12
8,8000,9503.39,341,gotest,1401.5
8,8000,9503.39,275,Lissy,1547.29
8,8000,9503.39,1057,DoopyBot-Test,1427.18
8,8000,9503.39,357,12PoolBot,1740.56
8,8000,9503.39,605,nida,1579.25
8,8000,9503.39,1045,tito,1694.11
8,8000,9503.39,981,KoB,1512.78
8,8000,9503.39,732,GPT,1735.33
8,8000,9503.39,223,DominionDog,1876.76
8,8000,9503.39,779,oberon,1430.0
8,8000,9503.39,940,Princess-Mika-Test,1546.02
8,8000,9503.39,858,Crawler,1517.81
8,8000,9503.39,516,27turtles,1525.29
8,8000,9503.39,1052,Starlight,1334.53
8,8000,9503.39,446,Xena,1754.92
8,8000,9503.39,1050,onlyfans,1571.24
8,8000,9503.39,637,72Tortoises,1651.65
8,8000,9503.39,729,Alexa,1360.33
8,8000,9503.39,248,Eris,2123.77
8,8000,9503.39,117,Chance,1461.1
8,8000,9503.39,346,Sharkling,1667.56
8,8000,9503.39,930,SiriusBot,1556.79
8,8000,9503.39,966,ArgoBot,1823.9
8,8000,9503.39,832,muravev,1566.12
8,8000,9503.39,115,BenBotBC,1908.32
8,8000,9503.39,718,Mulebot,1655.45
8,8000,9503.39,939,RustyNikolaj,1529.78
8,8000,9503.39,1044,DoopyBot,1444.83
8,8000,9503.39,1026,WildLupo,1279.66
8,8000,9503.39,977,Siriusly,1502.16
8,8000,9503.39,699,Clicadinha,1667.12
8,8000,9503.39,352,Belzebuth,1289.73
9,9000,10677.7,836,muravevTerran,1545.94
9,9000,10677.7,1054,JimmyBotZ,1593.94
9,9000,10677.7,1008,Creepy_canon,1528.82
9,9000,10677.7,1089,WorkingAsIntended,1509.19
9,9000,10677.7,1058,JimmyBotP,1645.9
9,9000,10677.7,1082,Dasyatis,1585.02
9,9000,10677.7,827,smokinggunbot,1538.92
9,9000,10677.7,1085,AgoraLord,1424.68
9,9000,10677.7,943,puck,1492.05
9,9000,10677.7,721,49Terrapins,1461.05
9,9000,10677.7,1080,JimmyBot,1643.26
9,9000,10677.7,526,Apidae,1632.85
9,9000,10677.7,720,PiG_Bot,1581.94
9,9000,10677.7,1007,SharkGull,1575.99
9,9000,10677.7,510,PhantomBot,1749.28
9,9000,10677.7,1049,TheCatSC2Bot,1150.95
9,9000,10677.7,201,QueenBot,1537.41
9,9000,10677.7,961,AvocaDOS,1706.05
9,9000,10677.7,1065,MindMatrix,1527.2
9,9000,10677.7,970,TheLAW,1591.27
9,9000,10677.7,167,TyrT,1710.97
9,9000,10677.7,960,BigDaddy,1634.65
9,9000,10677.7,49,MicroMachine,1943.65
9,9000,10677.7,1030,who,1850.64
9,9000,10677.7,797,WickedBot,1688.47
9,9000,10677.7,1078,LoremIpsum,1336.5
9,9000,10677.7,517,VeTerran-revived,1787.16
9,9000,10677.7,1079,JimmyBotT,1580.76
9,9000,10677.7,338,smallBly,1721.21
9,9000,10677.7,1060,WildFire,1653.02
9,9000,10677.7,1081,ArtZerg,1543.71
9,9000,10677.7,496,Zozo,1964.16
9,9000,10677.7,518,norman,1601.11
9,9000,10677.7,1038,PolyMorph,1512.39
9,9000,10677.7,40,SharpenedEdge,1867.84
9,9000,10677.7,262,whalemean,1746.42
9,9000,10677.7,759,BotTato,1647.17
9,9000,10677.7,730,Deimos,1998.9
9,9000,10677.7,168,sharkbot,1740.27
9,9000,10677.7,1042,Creepy_duo_canon,1475.93
9,9000,10677.7,971,Nothing,1526.59
9,9000,10677.7,876,GenesisLotus,1466.07
9,9000,10677.7,998,LordSuperKing,1602.66
9,9000,10677.7,1023,MY_SCRIPTING_SON,1411.01
9,9000,10677.7,340,MechaShark,1672.17
9,9000,10677.7,901,clone,1664.63
9,9000,10677.7,953,ZeratulsRevengeTest,1713.17
9,9000,10677.7,708,Princess-Mika,1505.98
9,9000,10677.7,112,Tyckles,1463.18
9,9000,10677.7,809,PrimordialOrigin,1427.33
9,9000,10677.7,341,gotest,1426.56
9,9000,10677.7,275,Lissy,1528.0
9,9000,10677.7,1057,DoopyBot-Test,1407.29
9,9000,10677.7,357,12PoolBot,1713.29
9,9000,10677.7,605,nida,1654.43
9,9000,10677.7,1045,tito,1718.8
9,9000,10677.7,981,KoB,1475.8
9,9000,10677.7,732,GPT,1748.12
9,9000,10677.7,223,DominionDog,1828.73
9,9000,10677.7,779,oberon,1402.73
9,9000,10677.7,940,Princess-Mika-Test,1515.86
9,9000,10677.7,858,Crawler,1595.97
9,9000,10677.7,516,27turtles,1528.9
9,9000,10677.7,1052,Starlight,1327.07
9,9000,10677.7,446,Xena,1859.65
9,9000,10677.7,1050,onlyfans,1536.4
9,9000,10677.7,637,72Tortoises,1655.34
9,9000,10677.7,729,Alexa,1362.27
9,9000,10677.7,248,Eris,2143.38
9,9000,10677.7,117,Chance,1484.19
9,9000,10677.7,346,Sharkling,1698.29
9,9000,10677.7,930,SiriusBot,1510.05
9,9000,10677.7,966,ArgoBot,1792.73
9,9000,10677.7,832,muravev,1585.41
9,9000,10677.7,115,BenBotBC,1881.32
9,9000,10677.7,718,Mulebot,1637.5
9,9000,10677.7,939,RustyNikolaj,1505.1
9,9000,10677.7,1044,DoopyBot,1475.46
9,9000,10677.7,1026,WildLupo,1274.02
9,9000,10677.7,977,Siriusly,1517.53
9,9000,10677.7,699,Clicadinha,1622.97
9,9000,10677.7,352,Belzebuth,1307.41
10,10000,11977.49,836,muravevTerran,1512.39
10,10000,11977.49,1054,JimmyBotZ,1617.36
10,10000,11977.49,1008,Creepy_canon,1525.95
10,10000,11977.49,1089,WorkingAsIntended,1585.78
10,10000,11977.49,1058,JimmyBotP,1654.96
10,10000,11977.49,1082,Dasyatis,1585.43
10,10000,11977.49,827,smokinggunbot,1553.95
10,10000,11977.49,1085,AgoraLord,1461.38
10,10000,11977.49,943,puck,1500.41
10,10000,11977.49,721,49Terrapins,1462.65
10,10000,11977.49,1080,JimmyBot,1601.61
10,10000,11977.49,526,Apidae,1654.53
10,10000,11977.49,720,PiG_Bot,1597.41
10,10000,11977.49,1007,SharkGull,1548.62
10,10000,11977.49,510,PhantomBot,1709.99
10,10000,11977.49,1049,TheCatSC2Bot,1110.82
10,10000,11977.49,201,QueenBot,1598.41
10,10000,11977.49,961,AvocaDOS,1702.1
10,10000,11977.49,1065,MindMatrix,1499.79
10,10000,11977.49,970,TheLAW,1598.89
10,10000,11977.49,167,TyrT,1736.4
10,10000,11977.49,960,BigDaddy,1629.53
10,10000,11977.49,49,MicroMachine,1913.73
10,10000,11977.49,1030,who,1877.93
10,10000,11977.49,797,WickedBot,1630.41
10,10000,11977.49,1078,LoremIpsum,1296.56
10,10000,11977.49,517,VeTerran-revived,1752.42
10,10000,11977.49,1079,JimmyBotT,1589.46
10,10000,11977.49,338,smallBly,1728.89
10,10000,11977.49,1060,WildFire,1623.75
10,10000,11977.49,1081,ArtZerg,1530.83
10,10000,11977.49,496,Zozo,2008.95
10,10000,11977.49,518,norman,1610.82
10,10000,11977.49,1038,PolyMorph,1502.19
10,10000,11977.49,40,SharpenedEdge,1908.3
10,10000,11977.49,262,whalemean,1736.28
10,10000,11977.49,759,BotTato,1638.74
10,10000,11977.49,730,Deimos,2000.2
10,10000,11977.49,168,sharkbot,1758.87
10,10000,11977.49,1042,Creepy_duo_canon,1442.8
10,10000,11977.49,971,Nothing,1528.77
10,10000,11977.49,876,GenesisLotus,1467.92
10,10000,11977.49,998,LordSuperKing,1614.43
10,10000,11977.49,1023,MY_SCRIPTING_SON,1483.78
10,10000,11977.49,340,MechaShark,1662.57
10,10000,11977.49,901,clone,1646.47
10,10000,11977.49,953,ZeratulsRevengeTest,1668.17
10,10000,11977.49,708,Princess-Mika,1529.61
10,10000,11977.49,112,Tyckles,1459.85
10,10000,11977.49,809,PrimordialOrigin,1390.51
10,10000,11977.49,341,gotest,1452.01
10,10000,11977.49,275,Lissy,1537.12
10,10000,11977.49,1057,DoopyBot-Test,1419.36
10,10000,11977.49,357,12PoolBot,1722.33
10,10000,11977.49,605,nida,1640.58
10,10000,11977.49,1045,tito,1709.02
10,10000,11977.49,981,KoB,1495.17
10,10000,11977.49,732,GPT,1802.65
10,10000,11977.49,223,DominionDog,1837.1
10,10000,11977.49,779,oberon,1394.44
10,10000,11977.49,940,Princess-Mika-Test,1544.06
10,10000,11977.49,858,Crawler,1508.79
10,10000,11977.49,516,27turtles,1489.74
10,10000,11977.49,1052,Starlight,1283.67
10,10000,11977.49,446,Xena,1873.7
10,10000,11977.49,1050,onlyfans,1484.12
10,10000,11977.49,637,72Tortoises,1657.42
10,10000,11977.49,729,Alexa,1352.69
10,10000,11977.49,248,Eris,2164.41
10,10000,11977.49,117,Chance,1432.11
10,10000,11977.49,346,Sharkling,1753.06
10,10000,11977.49,930,SiriusBot,1494.4
10,10000,11977.49,966,ArgoBot,1819.64
10,10000,11977.49,832,muravev,1596.02
10,10000,11977.49,115,BenBotBC,1931.21
10,10000,11977.49,718,Mulebot,1677.04
10,10000,11977.49,939,RustyNikolaj,1513.3
10,10000,11977.49,1044,DoopyBot,1533.9
10,10000,11977.49,1026,WildLupo,1241.26
10,10000,11977.49,977,Siriusly,1494.5
10,10000,11977.49,699,Clicadinha,1611.09
10,10000,11977.49,352,Belzebuth,1282.52
11,11000,13249.47,836,muravevTerran,1496.35
11,11000,13249.47,1054,JimmyBotZ,1652.61
11,11000,13249.47,1008,Creepy_canon,1562.26
11,11000,13249.47,1089,WorkingAsIntended,1568.38
11,11000,13249.47,1058,JimmyBotP,1641.42
11,11000,13249.47,1082,Dasyatis,1582.83
11,11000,13249.47,827,smokinggunbot,1596.3
11,11000,13249.47,1085,AgoraLord,1416.78
11,11000,13249.47,943,puck,1533.01
11,11000,13249.47,721,49Terrapins,1429.3
11,11000,13249.47,1080,JimmyBot,1591.24
11,11000,13249.47,526,Apidae,1642.09
11,11000,13249.47,720,PiG_Bot,1572.01
11,11000,13249.47,1007,SharkGull,1577.83
11,11000,13249.47,510,PhantomBot,1693.72
11,11000,13249.47,1049,TheCatSC2Bot,1064.98
11,11000,13249.47,201,QueenBot,1634.12
11,11000,13249.47,961,AvocaDOS,1662.21
11,11000,13249.47,1065,MindMatrix,1506.18
11,11000,13249.47,970,TheLAW,1560.5
11,11000,13249.47,167,TyrT,1743.88
11,11000,13249.47,960,BigDaddy,1613.0
11,11000,13249.47,49,MicroMachine,1917.25
11,11000,13249.47,1030,who,1867.07
11,11000,13249.47,797,WickedBot,1650.2
11,11000,13249.47,1078,LoremIpsum,1316.99
11,11000,13249.47,517,VeTerran-revived,1789.06
11,11000,13249.47,1079,JimmyBotT,1590.57
11,11000,13249.47,338,smallBly,1746.68
11,11000,13249.47,1060,WildFire,1608.97
11,11000,13249.47,1081,ArtZerg,1503.05
11,11000,13249.47,496,Zozo,2012.39
11,11000,13249.47,518,norman,1655.01
11,11000,13249.47,1038,PolyMorph,1531.12
11,11000,13249.47,40,SharpenedEdge,1842.06
11,11000,13249.47,262,whalemean,1741.76
11,11000,13249.47,759,BotTato,1631.07
11,11000,13249.47,730,Deimos,2004.47
11,11000,13249.47,168,sharkbot,1724.45
11,11000,13249.47,1042,Creepy_duo_canon,1435.91
11,11000,13249.47,971,Nothing,1556.45
11,11000,13249.47,876,GenesisLotus,1468.21
11,11000,13249.47,998,LordSuperKing,1607.86
11,11000,13249.47,1023,MY_SCRIPTING_SON,1517.61
11,11000,13249.47,340,MechaShark,1660.35
11,11000,13249.47,901,clone,1703.47
11,11000,13249.47,953,ZeratulsRevengeTest,1691.17
11,11000,13249.47,708,Princess-Mika,1523.38
11,11000,13249.47,112,Tyckles,1447.95
11,11000,13249.47,809,PrimordialOrigin,1395.46
11,11000,13249.47,341,gotest,1400.94
11,11000,13249.47,275,Lissy,1569.07
11,11000,13249.47,1057,DoopyBot-Test,1406.47
11,11000,13249.47,357,12PoolBot,1712.54
11,11000,13249.47,605,nida,1637.57
11,11000,13249.47,1045,tito,1690.57
11,11000,13249.47,981,KoB,1525.67
11,11000,13249.47,732,GPT,1764.01
11,11000,13249.47,223,DominionDog,1862.67
11,11000,13249.47,779,oberon,1382.37
11,11000,13249.47,940,Princess-Mika-Test,1496.85
11,11000,13249.47,858,Crawler,1565.39
11,11000,13249.47,516,27turtles,1513.03
11,11000,13249.47,1052,Starlight,1277.39
11,11000,13249.47,446,Xena,1882.57
11,11000,13249.47,1050,onlyfans,1525.92
11,11000,13249.47,637,72Tortoises,1626.04
11,11000,13249.47,729,Alexa,1377.45
11,11000,13249.47,248,Eris,2176.45
11,11000,13249.47,117,Chance,1432.06
11,11000,13249.47,346,Sharkling,1733.1
11,11000,13249.47,930,SiriusBot,1480.11
11,11000,13249.47,966,ArgoBot,1861.41
11,11000,13249.47,832,muravev,1716.04
11,11000,13249.47,115,BenBotBC,1937.75
11,11000,13249.47,718,Mulebot,1697.3
11,11000,13249.47,939,RustyNikolaj,1440.07
11,11000,13249.47,1044,DoopyBot,1456.05
11,11000,13249.47,1026,WildLupo,1214.64
11,11000,13249.47,977,Siriusly,1464.59
11,11000,13249.47,699,Clicadinha,1602.96
11,11000,13249.47,352,Belzebuth,1289.98
12,12000,14426.48,836,muravevTerran,1479.94
12,12000,14426.48,1054,JimmyBotZ,1653.19
12,12000,14426.48,1008,Creepy_canon,1594.24
12,12000,14426.48,1089,WorkingAsIntended,1519.01
12,12000,14426.48,1058,JimmyBotP,1599.43
12,12000,14426.48,1082,Dasyatis,1519.01
12,12000,14426.48,827,smokinggunbot,1558.13
12,12000,14426.48,1085,AgoraLord,1432.02
12,12000,14426.48,943,puck,1546.47
12,12000,14426.48,721,49Terrapins,1458.78
12,12000,14426.48,1080,JimmyBot,1556.08
12,12000,14426.48,526,Apidae,1678.84
12,12000,14426.48,720,PiG_Bot,1556.38
12,12000,14426.48,1007,SharkGull,1551.81
12,12000,14426.48,510,PhantomBot,1790.5
12,12000,14426.48,1049,TheCatSC2Bot,1026.28
12,12000,14426.48,201,QueenBot,1618.78
12,12000,14426.48,961,AvocaDOS,1691.35
12,12000,14426.48,1065,MindMatrix,1450.48
12,12000,14426.48,970,TheLAW,1555.63
12,12000,14426.48,167,TyrT,1777.99
12,12000,14426.48,960,BigDaddy,1635.22
12,12000,14426.48,49,MicroMachine,1879.24
12,12000,14426.48,1030,who,1837.09
12,12000,14426.48,797,WickedBot,1644.96
12,12000,14426.48,1078,LoremIpsum,1316.59
12,12000,14426.48,517,VeTerran-revived,1763.45
12,12000,14426.48,1079,JimmyBotT,1604.42
12,12000,14426.48,338,smallBly,1730.16
12,12000,14426.48,1060,WildFire,1705.44
12,12000,14426.48,1081,ArtZerg,1562.11
12,12000,14426.48,496,Zozo,1963.56
12,12000,14426.48,518,norman,1638.28
12,12000,14426.48,1038,PolyMorph,1511.14
12,12000,14426.48,40,SharpenedEdge,1854.12
12,12000,14426.48,262,whalemean,1800.26
12,12000,14426.48,759,BotTato,1699.42
12,12000,14426.48,730,Deimos,2044.23
12,12000,14426.48,168,sharkbot,1726.46
12,12000,14426.48,1042,Creepy_duo_canon,1412.53
12,12000,14426.48,971,Nothing,1546.92
12,12000,14426.48,876,GenesisLotus,1446.97
12,12000,14426.48,998,LordSuperKing,1626.25
12,12000,14426.48,1023,MY_SCRIPTING_SON,1459.68
12,12000,14426.48,340,MechaShark,1690.55
12,12000,14426.48,901,clone,1662.97
12,12000,14426.48,953,ZeratulsRevengeTest,1682.3
12,12000,14426.48,708,Princess-Mika,1550.94
12,12000,14426.48,112,Tyckles,1423.42
12,12000,14426.48,809,PrimordialOrigin,1371.31
12,12000,14426.48,341,gotest,1402.45
12,12000,14426.48,275,Lissy,1591.43
12,12000,14426.48,1057,DoopyBot-Test,1386.38
12,12000,14426.48,357,12PoolBot,1752.21
12,12000,14426.48,605,nida,1666.23
12,12000,14426.48,1045,tito,1703.73
12,12000,14426.48,981,KoB,1496.21
12,12000,14426.48,732,GPT,1792.3
12,12000,14426.48,223,DominionDog,1826.8
12,12000,14426.48,779,oberon,1355.09
12,12000,14426.48,940,Princess-Mika-Test,1528.17
12,12000,14426.48,858,Crawler,1548.17
12,12000,14426.48,516,27turtles,1535.85
12,12000,14426.48,1052,Starlight,1287.56
12,12000,14426.48,446,Xena,1871.88
12,12000,14426.48,1050,onlyfans,1488.42
12,12000,14426.48,637,72Tortoises,1609.79
12,12000,14426.48,729,Alexa,1344.56
12,12000,14426.48,248,Eris,2198.18
12,12000,14426.48,117,Chance,1455.54
12,12000,14426.48,346,Sharkling,1778.6
12,12000,14426.48,930,SiriusBot,1489.75
12,12000,14426.48,966,ArgoBot,1832.19
12,12000,14426.48,832,muravev,1661.98
12,12000,14426.48,115,BenBotBC,1944.36
12,12000,14426.48,718,Mulebot,1652.76
12,12000,14426.48,939,RustyNikolaj,1546.73
12,12000,14426.48,1044,DoopyBot,1470.96
12,12000,14426.48,1026,WildLupo,1222.03
12,12000,14426.48,977,Siriusly,1420.17
12,12000,14426.48,699,Clicadinha,1617.3
12,12000,14426.48,352,Belzebuth,1317.89
13,13000,15673.2,836,muravevTerran,1476.62
13,13000,15673.2,1054,JimmyBotZ,1639.15
13,13000,15673.2,1008,Creepy_canon,1567.94
13,13000,15673.2,1089,WorkingAsIntended,1546.9
13,13000,15673.2,1058,JimmyBotP,1625.28
13,13000,15673.2,1082,Dasyatis,1514.07
13,13000,15673.2,827,smokinggunbot,1590.27
13,13000,15673.2,1085,AgoraLord,1394.52
13,13000,15673.2,943,puck,1483.98
13,13000,15673.2,721,49Terrapins,1465.67
13,13000,15673.2,1080,JimmyBot,1600.62
13,13000,15673.2,526,Apidae,1661.87
13,13000,15673.2,720,PiG_Bot,1586.2
13,13000,15673.2,1007,SharkGull,1537.35
13,13000,15673.2,510,PhantomBot,1745.1
13,13000,15673.2,1049,TheCatSC2Bot,1023.47
13,13000,15673.2,201,QueenBot,1609.05
13,13000,15673.2,961,AvocaDOS,1712.5
13,13000,15673.2,1065,MindMatrix,1483.92
13,13000,15673.2,970,TheLAW,1598.89
13,13000,15673.2,167,TyrT,1774.24
13,13000,15673.2,960,BigDaddy,1675.02
13,13000,15673.2,49,MicroMachine,1888.88
13,13000,15673.2,1030,who,1842.96
13,13000,15673.2,797,WickedBot,1662.28
13,13000,15673.2,1078,LoremIpsum,1308.88
13,13000,15673.2,517,VeTerran-revived,1844.67
13,13000,15673.2,1079,JimmyBotT,1620.66
13,13000,15673.2,338,smallBly,1777.5
13,13000,15673.2,1060,WildFire,1682.15
13,13000,15673.2,1081,ArtZerg,1538.19
13,13000,15673.2,496,Zozo,1964.85
13,13000,15673.2,518,norman,1622.73
13,13000,15673.2,1038,PolyMorph,1494.54
13,13000,15673.2,40,SharpenedEdge,1810.71
13,13000,15673.2,262,whalemean,1767.52
13,13000,15673.2,759,BotTato,1690.27
13,13000,15673.2,730,Deimos,2082.15
13,13000,15673.2,168,sharkbot,1819.86
13,13000,15673.2,1042,Creepy_duo_canon,1400.71
13,13000,15673.2,971,Nothing,1578.99
13,13000,15673.2,876,GenesisLotus,1441.94
13,13000,15673.2,998,LordSuperKing,1680.02
13,13000,15673.2,1023,MY_SCRIPTING_SON,1369.88
13,13000,15673.2,340,MechaShark,1692.12
13,13000,15673.2,901,clone,1661.83
13,13000,15673.2,953,ZeratulsRevengeTest,1655.97
13,13000,15673.2,708,Princess-Mika,1509.21
13,13000,15673.2,112,Tyckles,1424.11
13,13000,15673.2,809,PrimordialOrigin,1419.37
13,13000,15673.2,341,gotest,1437.21
13,13000,15673.2,275,Lissy,1510.73
13,13000,15673.2,1057,DoopyBot-Test,1290.11
13,13000,15673.2,357,12PoolBot,1732.46
13,13000,15673.2,605,nida,1617.55
13,13000,15673.2,1045,tito,1706.69
13,13000,15673.2,981,KoB,1479.29
13,13000,15673.2,732,GPT,1793.14
13,13000,15673.2,223,DominionDog,1789.18
13,13000,15673.2,779,oberon,1355.23
13,13000,15673.2,940,Princess-Mika-Test,1451.0
13,13000,15673.2,858,Crawler,1564.68
13,13000,15673.2,516,27turtles,1519.53
13,13000,15673.2,1052,Starlight,1303.69
13,13000,15673.2,446,Xena,1874.81
13,13000,15673.2,1050,onlyfans,1534.22
13,13000,15673.2,637,72Tortoises,1605.59
13,13000,15673.2,729,Alexa,1371.29
13,13000,15673.2,248,Eris,2185.51
13,13000,15673.2,117,Chance,1467.23
13,13000,15673.2,346,Sharkling,1800.3
13,13000,15673.2,930,SiriusBot,1503.23
13,13000,15673.2,966,ArgoBot,1840.73
13,13000,15673.2,832,muravev,1643.08
13,13000,15673.2,115,BenBotBC,1945.29
13,13000,15673.2,718,Mulebot,1705.27
13,13000,15673.2,939,RustyNikolaj,1538.34
13,13000,15673.2,1044,DoopyBot,1472.06
13,13000,15673.2,1026,WildLupo,1219.38
13,13000,15673.2,977,Siriusly,1444.68
13,13000,15673.2,699,Clicadinha,1610.98
13,13000,15673.2,352,Belzebuth,1321.96
14,14000,16671.95,836,muravevTerran,1473.76
14,14000,16671.95,1054,JimmyBotZ,1678.6
14,14000,16671.95,1008,Creepy_canon,1569.17
14,14000,16671.95,1089,WorkingAsIntended,1594.88
14,14000,16671.95,1058,JimmyBotP,1630.77
14,14000,16671.95,1082,Dasyatis,1548.87
14,14000,16671.95,827,smokinggunbot,1604.83
14,14000,16671.95,1085,AgoraLord,1421.06
14,14000,16671.95,943,puck,1511.49
14,14000,16671.95,721,49Terrapins,1482.23
14,14000,16671.95,1080,JimmyBot,1628.91
14,14000,16671.95,526,Apidae,1624.96
14,14000,16671.95,720,PiG_Bot,1565.7
14,14000,16671.95,1007,SharkGull,1548.83
14,14000,16671.95,510,PhantomBot,1820.01
14,14000,16671.95,1049,TheCatSC2Bot,1039.09
14,14000,16671.95,201,QueenBot,1539.6
14,14000,16671.95,961,AvocaDOS,1702.87
14,14000,16671.95,1065,MindMatrix,1488.47
14,14000,16671.95,970,TheLAW,1660.71
14,14000,16671.95,167,TyrT,1757.55
14,14000,16671.95,960,BigDaddy,1609.23
14,14000,16671.95,49,MicroMachine,1938.4
14,14000,16671.95,1030,who,1838.18
14,14000,16671.95,797,WickedBot,1676.11
14,14000,16671.95,1078,LoremIpsum,1311.17
14,14000,16671.95,517,VeTerran-revived,1849.82
14,14000,16671.95,1079,JimmyBotT,1578.01
14,14000,16671.95,338,smallBly,1680.63
14,14000,16671.95,1060,WildFire,1691.52
14,14000,16671.95,1081,ArtZerg,1557.4
14,14000,16671.95,496,Zozo,1995.05
14,14000,16671.95,518,norman,1616.96
14,14000,16671.95,1038,PolyMorph,1444.96
14,14000,16671.95,40,SharpenedEdge,1859.42
14,14000,16671.95,262,whalemean,1744.18
14,14000,16671.95,759,BotTato,1676.88
14,14000,16671.95,730,Deimos,2054.17
14,14000,16671.95,168,sharkbot,1851.43
14,14000,16671.95,1042,Creepy_duo_canon,1396.28
14,14000,16671.95,971,Nothing,1520.37
14,14000,16671.95,876,GenesisLotus,1463.74
14,14000,16671.95,998,LordSuperKing,1659.62
14,14000,16671.95,1023,MY_SCRIPTING_SON,1407.97
14,14000,16671.95,340,MechaShark,1667.56
14,14000,16671.95,901,clone,1669.6
14,14000,16671.95,953,ZeratulsRevengeTest,1665.4
14,14000,16671.95,708,Princess-Mika,1546.68
14,14000,16671.95,112,Tyckles,1374.65
14,14000,16671.95,809,PrimordialOrigin,1392.8
14,14000,16671.95,341,gotest,1410.59
14,14000,16671.95,275,Lissy,1518.04
14,14000,16671.95,1057,DoopyBot-Test,1308.06
14,14000,16671.95,357,12PoolBot,1718.26
14,14000,16671.95,605,nida,1680.54
14,14000,16671.95,1045,tito,1724.92
14,14000,16671.95,981,KoB,1491.08
14,14000,16671.95,732,GPT,1813.49
14,14000,16671.95,223,DominionDog,1796.74
14,14000,16671.95,779,oberon,1352.63
14,14000,16671.95,940,Princess-Mika-Test,1463.77
14,14000,16671.95,858,Crawler,1542.46
14,14000,16671.95,516,27turtles,1513.24
14,14000,16671.95,1052,Starlight,1281.71
14,14000,16671.95,446,Xena,1879.36
14,14000,16671.95,1050,onlyfans,1578.97
14,14000,16671.95,637,72Tortoises,1638.07
14,14000,16671.95,729,Alexa,1338.34
14,14000,16671.95,248,Eris,2178.48
14,14000,16671.95,117,Chance,1447.94
14,14000,16671.95,346,Sharkling,1820.94
14,14000,16671.95,930,SiriusBot,1558.5
14,14000,16671.95,966,ArgoBot,1860.39
14,14000,16671.95,832,muravev,1567.88
14,14000,16671.95,115,BenBotBC,1954.41
14,14000,16671.95,718,Mulebot,1666.57
14,14000,16671.95,939,RustyNikolaj,1474.48
14,14000,16671.95,1044,DoopyBot,1469.0
14,14000,16671.95,1026,WildLupo,1221.94
14,14000,16671.95,977,Siriusly,1422.69
14,14000,16671.95,699,Clicadinha,1583.39
14,14000,16671.95,352,Belzebuth,1292.6
15,15000,17878.85,836,muravevTerran,1457.92
15,15000,17878.85,1054,JimmyBotZ,1676.01
15,15000,17878.85,1008,Creepy_canon,1483.1
15,15000,17878.85,1089,WorkingAsIntended,1622.04
15,15000,17878.85,1058,JimmyBotP,1617.72
15,15000,17878.85,1082,Dasyatis,1561.93
15,15000,17878.85,827,smokinggunbot,1642.15
15,15000,17878.85,1085,AgoraLord,1392.51
15,15000,17878.85,943,puck,1499.34
15,15000,17878.85,721,49Terrapins,1498.45
15,15000,17878.85,1080,JimmyBot,1660.04
15,15000,17878.85,526,Apidae,1615.53
15,15000,17878.85,720,PiG_Bot,1606.96
15,15000,17878.85,1007,SharkGull,1581.91
15,15000,17878.85,510,PhantomBot,1794.58
15,15000,17878.85,1049,TheCatSC2Bot,1032.85
15,15000,17878.85,201,QueenBot,1562.02
15,15000,17878.85,961,AvocaDOS,1680.2
15,15000,17878.85,1065,MindMatrix,1516.21
15,15000,17878.85,970,TheLAW,1619.62
15,15000,17878.85,167,TyrT,1784.48
15,15000,17878.85,960,BigDaddy,1603.24
15,15000,17878.85,49,MicroMachine,1955.39
15,15000,17878.85,1030,who,1834.04
15,15000,17878.85,797,WickedBot,1624.89
15,15000,17878.85,1078,LoremIpsum,1271.08
15,15000,17878.85,517,VeTerran-revived,1853.82
15,15000,17878.85,1079,JimmyBotT,1543.4
15,15000,17878.85,338,smallBly,1660.02
15,15000,17878.85,1060,WildFire,1663.71
15,15000,17878.85,1081,ArtZerg,1554.23
15,15000,17878.85,496,Zozo,2008.29
15,15000,17878.85,518,norman,1594.49
15,15000,17878.85,1038,PolyMorph,1474.85
15,15000,17878.85,40,SharpenedEdge,1858.49
15,15000,17878.85,262,whalemean,1741.13
15,15000,17878.85,759,BotTato,1731.49
15,15000,17878.85,730,Deimos,2100.96
15,15000,17878.85,168,sharkbot,1797.76
15,15000,17878.85,1042,Creepy_duo_canon,1389.41
15,15000,17878.85,971,Nothing,1518.42
15,15000,17878.85,876,GenesisLotus,1472.48
15,15000,17878.85,998,LordSuperKing,1681.81
15,15000,17878.85,1023,MY_SCRIPTING_SON,1455.66
15,15000,17878.85,340,MechaShark,1687.63
15,15000,17878.85,901,clone,1679.41
15,15000,17878.85,953,ZeratulsRevengeTest,1713.63
15,15000,17878.85,708,Princess-Mika,1490.49
15,15000,17878.85,112,Tyckles,1346.05
15,15000,17878.85,809,PrimordialOrigin,1368.23
15,15000,17878.85,341,gotest,1400.77
15,15000,17878.85,275,Lissy,1549.42
15,15000,17878.85,1057,DoopyBot-Test,1305.0
15,15000,17878.85,357,12PoolBot,1754.63
15,15000,17878.85,605,nida,1688.26
15,15000,17878.85,1045,tito,1746.52
15,15000,17878.85,981,KoB,1517.53
15,15000,17878.85,732,GPT,1781.12
15,15000,17878.85,223,DominionDog,1808.62
15,15000,17878.85,779,oberon,1357.64
15,15000,17878.85,940,Princess-Mika-Test,1510.5
15,15000,17878.85,858,Crawler,1553.27
15,15000,17878.85,516,27turtles,1569.56
15,15000,17878.85,1052,Starlight,1228.44
15,15000,17878.85,446,Xena,1874.7
15,15000,17878.85,1050,onlyfans,1542.96
15,15000,17878.85,637,72Tortoises,1644.85
15,15000,17878.85,729,Alexa,1329.91
15,15000,17878.85,248,Eris,2153.64
15,15000,17878.85,117,Chance,1401.33
15,15000,17878.85,346,Sharkling,1773.64
15,15000,17878.85,930,SiriusBot,1538.57
15,15000,17878.85,966,ArgoBot,1872.0
15,15000,17878.85,832,muravev,1582.97
15,15000,17878.85,115,BenBotBC,1994.06
15,15000,17878.85,718,Mulebot,1654.0
15,15000,17878.85,939,RustyNikolaj,1469.28
15,15000,17878.85,1044,DoopyBot,1480.23
15,15000,17878.85,1026,WildLupo,1207.39
15,15000,17878.85,977,Siriusly,1444.67
15,15000,17878.85,699,Clicadinha,1586.02
15,15000,17878.85,352,Belzebuth,1298.43
16,16000,19050.03,836,muravevTerran,1447.22
16,16000,19050.03,1054,JimmyBotZ,1689.71
16,16000,19050.03,1008,Creepy_canon,1553.94
16,16000,19050.03,1089,WorkingAsIntended,1595.2
16,16000,19050.03,1058,JimmyBotP,1606.6
16,16000,19050.03,1082,Dasyatis,1557.82
16,16000,19050.03,827,smokinggunbot,1573.33
16,16000,19050.03,1085,AgoraLord,1404.23
16,16000,19050.03,943,puck,1481.21
16,16000,19050.03,721,49Terrapins,1522.32
16,16000,19050.03,1080,JimmyBot,1650.22
16,16000,19050.03,526,Apidae,1643.2
16,16000,19050.03,720,PiG_Bot,1567.26
16,16000,19050.03,1007,SharkGull,1576.18
16,16000,19050.03,510,PhantomBot,1779.3
16,16000,19050.03,1049,TheCatSC2Bot,1031.39
16,16000,19050.03,201,QueenBot,1586.85
16,16000,19050.03,961,AvocaDOS,1671.64
16,16000,19050.03,1065,MindMatrix,1510.38
16,16000,19050.03,970,TheLAW,1600.83
16,16000,19050.03,167,TyrT,1823.58
16,16000,19050.03,960,BigDaddy,1616.41
16,16000,19050.03,49,MicroMachine,1951.78
16,16000,19050.03,1030,who,1857.42
16,16000,19050.03,797,WickedBot,1632.21
16,16000,19050.03,1078,LoremIpsum,1288.61
16,16000,19050.03,517,VeTerran-revived,1859.13
16,16000,19050.03,1079,JimmyBotT,1547.12
16,16000,19050.03,338,smallBly,1774.42
16,16000,19050.03,1060,WildFire,1667.16
16,16000,19050.03,1081,ArtZerg,1558.27
16,16000,19050.03,496,Zozo,2029.49
16,16000,19050.03,518,norman,1681.07
16,16000,19050.03,1038,PolyMorph,1466.05
16,16000,19050.03,40,SharpenedEdge,1865.51
16,16000,19050.03,262,whalemean,1787.17
16,16000,19050.03,759,BotTato,1756.99
16,16000,19050.03,730,Deimos,2108.57
16,16000,19050.03,168,sharkbot,1816.87
16,16000,19050.03,1042,Creepy_duo_canon,1385.24
16,16000,19050.03,971,Nothing,1572.52
16,16000,19050.03,876,GenesisLotus,1481.94
16,16000,19050.03,998,LordSuperKing,1623.13
16,16000,19050.03,1023,MY_SCRIPTING_SON,1401.27
16,16000,19050.03,340,MechaShark,1704.71
16,16000,19050.03,901,clone,1670.0
16,16000,19050.03,953,ZeratulsRevengeTest,1703.87
16,16000,19050.03,708,Princess-Mika,1467.62
16,16000,19050.03,112,Tyckles,1395.14
16,16000,19050.03,809,PrimordialOrigin,1328.88
16,16000,19050.03,341,gotest,1358.37
16,16000,19050.03,275,Lissy,1492.95
16,16000,19050.03,1057,DoopyBot-Test,1314.31
16,16000,19050.03,357,12PoolBot,1741.3
16,16000,19050.03,605,nida,1619.69
16,16000,19050.03,1045,tito,1735.06
16,16000,19050.03,981,KoB,1439.85
16,16000,19050.03,732,GPT,1748.34
16,16000,19050.03,223,DominionDog,1860.07
16,16000,19050.03,779,oberon,1361.39
16,16000,19050.03,940,Princess-Mika-Test,1546.08
16,16000,19050.03,858,Crawler,1564.59
16,16000,19050.03,516,27turtles,1540.12
16,16000,19050.03,1052,Starlight,1224.38
16,16000,19050.03,446,Xena,1870.78
16,16000,19050.03,1050,onlyfans,1548.35
16,16000,19050.03,637,72Tortoises,1632.97
16,16000,19050.03,729,Alexa,1314.36
16,16000,19050.03,248,Eris,2134.1
16,16000,19050.03,117,Chance,1371.35
16,16000,19050.03,346,Sharkling,1762.95
16,16000,19050.03,930,SiriusBot,1503.61
16,16000,19050.03,966,ArgoBot,1872.19
16,16000,19050.03,832,muravev,1630.9
16,16000,19050.03,115,BenBotBC,1979.5
16,16000,19050.03,718,Mulebot,1587.74
16,16000,19050.03,939,RustyNikolaj,1511.63
16,16000,19050.03,1044,DoopyBot,1516.27
16,16000,19050.03,1026,WildLupo,1217.75
16,16000,19050.03,977,Siriusly,1444.81
16,16000,19050.03,699,Clicadinha,1584.34
16,16000,19050.03,352,Belzebuth,1298.89
17,17000,20291.83,836,muravevTerran,1474.63
17,17000,20291.83,1054,JimmyBotZ,1604.47
17,17000,20291.83,1008,Creepy_canon,1537.45
17,17000,20291.83,1089,WorkingAsIntended,1600.49
17,17000,20291.83,1058,JimmyBotP,1648.95
17,17000,20291.83,1082,Dasyatis,1599.55
17,17000,20291.83,827,smokinggunbot,1558.28
17,17000,20291.83,1085,AgoraLord,1397.62
17,17000,20291.83,943,puck,1460.37
17,17000,20291.83,721,49Terrapins,1488.76
17,17000,20291.83,1080,JimmyBot,1648.64
17,17000,20291.83,526,Apidae,1638.83
17,17000,20291.83,720,PiG_Bot,1546.08
17,17000,20291.83,1007,SharkGull,1578.89
17,17000,20291.83,510,PhantomBot,1738.94
17,17000,20291.83,1049,TheCatSC2Bot,1042.69
17,17000,20291.83,201,QueenBot,1567.28
17,17000,20291.83,961,AvocaDOS,1696.91
17,17000,20291.83,1065,MindMatrix,1524.46
17,17000,20291.83,970,TheLAW,1611.57
17,17000,20291.83,167,TyrT,1842.21
17,17000,20291.83,960,BigDaddy,1650.51
17,17000,20291.83,49,MicroMachine,1983.11
17,17000,20291.83,1030,who,1825.62
17,17000,20291.83,797,WickedBot,1688.22
17,17000,20291.83,1078,LoremIpsum,1270.81
17,17000,20291.83,517,VeTerran-revived,1868.13
17,17000,20291.83,1079,JimmyBotT,1592.41
17,17000,20291.83,338,smallBly,1757.86
17,17000,20291.83,1060,WildFire,1664.31
17,17000,20291.83,1081,ArtZerg,1511.83
17,17000,20291.83,496,Zozo,2032.02
17,17000,20291.83,518,norman,1620.81
17,17000,20291.83,1038,PolyMorph,1440.17
17,17000,20291.83,40,SharpenedEdge,1844.91
17,17000,20291.83,262,whalemean,1846.08
17,17000,20291.83,759,BotTato,1719.56
17,17000,20291.83,730,Deimos,2086.11
17,17000,20291.83,168,sharkbot,1789.14
17,17000,20291.83,1042,Creepy_duo_canon,1368.55
17,17000,20291.83,971,Nothing,1549.14
17,17000,20291.83,876,GenesisLotus,1437.23
17,17000,20291.83,998,LordSuperKing,1652.01
17,17000,20291.83,1023,MY_SCRIPTING_SON,1425.85
17,17000,20291.83,340,MechaShark,1773.88
17,17000,20291.83,901,clone,1652.37
17,17000,20291.83,953,ZeratulsRevengeTest,1720.57
17,17000,20291.83,708,Princess-Mika,1544.98
17,17000,20291.83,112,Tyckles,1340.45
17,17000,20291.83,809,PrimordialOrigin,1331.65
17,17000,20291.83,341,gotest,1357.13
17,17000,20291.83,275,Lissy,1512.84
17,17000,20291.83,1057,DoopyBot-Test,1292.27
17,17000,20291.83,357,12PoolBot,1746.23
17,17000,20291.83,605,nida,1609.88
17,17000,20291.83,1045,tito,1722.83
17,17000,20291.83,981,KoB,1509.64
17,17000,20291.83,732,GPT,1787.65
17,17000,20291.83,223,DominionDog,1870.08
17,17000,20291.83,779,oberon,1361.89
17,17000,20291.83,940,Princess-Mika-Test,1536.18
17,17000,20291.83,858,Crawler,1542.17
17,17000,20291.83,516,27turtles,1536.83
17,17000,20291.83,1052,Starlight,1258.56
17,17000,20291.83,446,Xena,1914.59
17,17000,20291.83,1050,onlyfans,1492.99
17,17000,20291.83,637,72Tortoises,1666.89
17,17000,20291.83,729,Alexa,1350.59
17,17000,20291.83,248,Eris,2164.02
17,17000,20291.83,117,Chance,1306.68
17,17000,20291.83,346,Sharkling,1723.58
17,17000,20291.83,930,SiriusBot,1519.86
17,17000,20291.83,966,ArgoBot,1926.4
17,17000,20291.83,832,muravev,1620.03
17,17000,20291.83,115,BenBotBC,1980.31
17,17000,20291.83,718,Mulebot,1605.39
17,17000,20291.83,939,RustyNikolaj,1517.1
17,17000,20291.83,1044,DoopyBot,1486.56
17,17000,20291.83,1026,WildLupo,1191.11
17,17000,20291.83,977,Siriusly,1455.13
17,17000,20291.83,699,Clicadinha,1558.95
17,17000,20291.83,352,Belzebuth,1280.28
18,18000,21500.95,836,muravevTerran,1478.78
18,18000,21500.95,1054,JimmyBotZ,1630.38
18,18000,21500.95,1008,Creepy_canon,1545.72
18,18000,21500.95,1089,WorkingAsIntended,1592.97
18,18000,21500.95,1058,JimmyBotP,1571.19
18,18000,21500.95,1082,Dasyatis,1575.94
18,18000,21500.95,827,smokinggunbot,1561.91
18,18000,21500.95,1085,AgoraLord,1421.75
18,18000,21500.95,943,puck,1467.32
18,18000,21500.95,721,49Terrapins,1497.5
18,18000,21500.95,1080,JimmyBot,1638.48
18,18000,21500.95,526,Apidae,1656.23
18,18000,21500.95,720,PiG_Bot,1556.06
18,18000,21500.95,1007,SharkGull,1565.26
18,18000,21500.95,510,PhantomBot,1794.83
18,18000,21500.95,1049,TheCatSC2Bot,1026.67
18,18000,21500.95,201,QueenBot,1612.99
18,18000,21500.95,961,AvocaDOS,1695.7
18,18000,21500.95,1065,MindMatrix,1488.07
18,18000,21500.95,970,TheLAW,1602.97
18,18000,21500.95,167,TyrT,1868.02
18,18000,21500.95,960,BigDaddy,1693.71
18,18000,21500.95,49,MicroMachine,1968.72
18,18000,21500.95,1030,who,1861.12
18,18000,21500.95,797,WickedBot,1693.93
18,18000,21500.95,1078,LoremIpsum,1270.88
18,18000,21500.95,517,VeTerran-revived,1810.82
18,18000,21500.95,1079,JimmyBotT,1608.62
18,18000,21500.95,338,smallBly,1752.7
18,18000,21500.95,1060,WildFire,1676.34
18,18000,21500.95,1081,ArtZerg,1500.05
18,18000,21500.95,496,Zozo,2022.26
18,18000,21500.95,518,norman,1660.88
18,18000,21500.95,1038,PolyMorph,1429.31
18,18000,21500.95,40,SharpenedEdge,1867.14
18,18000,21500.95,262,whalemean,1802.25
18,18000,21500.95,759,BotTato,1713.57
18,18000,21500.95,730,Deimos,2079.68
18,18000,21500.95,168,sharkbot,1836.36
18,18000,21500.95,1042,Creepy_duo_canon,1413.52
18,18000,21500.95,971,Nothing,1575.85
18,18000,21500.95,876,GenesisLotus,1408.87
18,18000,21500.95,998,LordSuperKing,1699.42
18,18000,21500.95,1023,MY_SCRIPTING_SON,1401.72
18,18000,21500.95,340,MechaShark,1760.29
18,18000,21500.95,901,clone,1648.76
18,18000,21500.95,953,ZeratulsRevengeTest,1700.52
18,18000,21500.95,708,Princess-Mika,1535.94
18,18000,21500.95,112,Tyckles,1372.03
18,18000,21500.95,809,PrimordialOrigin,1329.86
18,18000,21500.95,341,gotest,1364.49
18,18000,21500.95,275,Lissy,1524.74
18,18000,21500.95,1057,DoopyBot-Test,1331.64
18,18000,21500.95,357,12PoolBot,1679.63
18,18000,21500.95,605,nida,1626.52
18,18000,21500.95,1045,tito,1678.44
18,18000,21500.95,981,KoB,1495.43
18,18000,21500.95,732,GPT,1811.43
18,18000,21500.95,223,DominionDog,1908.18
18,18000,21500.95,779,oberon,1378.37
18,18000,21500.95,940,Princess-Mika-Test,1497.51
18,18000,21500.95,858,Crawler,1549.4
18,18000,21500.95,516,27turtles,1528.43
18,18000,21500.95,1052,Starlight,1258.16
18,18000,21500.95,446,Xena,1872.22
18,18000,21500.95,1050,onlyfans,1485.47
18,18000,21500.95,637,72Tortoises,1609.34
18,18000,21500.95,729,Alexa,1305.95
18,18000,21500.95,248,Eris,2187.69
18,18000,21500.95,117,Chance,1284.65
18,18000,21500.95,346,Sharkling,1799.52
18,18000,21500.95,930,SiriusBot,1499.48
18,18000,21500.95,966,ArgoBot,1942.24
18,18000,21500.95,832,muravev,1558.88
18,18000,21500.95,115,BenBotBC,1990.81
18,18000,21500.95,718,Mulebot,1604.51
18,18000,21500.95,939,RustyNikolaj,1503.19
18,18000,21500.95,1044,DoopyBot,1495.12
18,18000,21500.95,1026,WildLupo,1162.56
18,18000,21500.95,977,Siriusly,1482.36
18,18000,21500.95,699,Clicadinha,1592.74
18,18000,21500.95,352,Belzebuth,1247.05
19,19000,22736.32,836,muravevTerran,1476.16
19,19000,22736.32,1054,JimmyBotZ,1600.03
19,19000,22736.32,1008,Creepy_canon,1522.23
19,19000,22736.32,1089,WorkingAsIntended,1625.01
19,19000,22736.32,1058,JimmyBotP,1578.6
19,19000,22736.32,1082,Dasyatis,1517.09
19,19000,22736.32,827,smokinggunbot,1597.9
19,19000,22736.32,1085,AgoraLord,1389.32
19,19000,22736.32,943,puck,1439.98
19,19000,22736.32,721,49Terrapins,1439.24
19,19000,22736.32,1080,JimmyBot,1648.5
19,19000,22736.32,526,Apidae,1658.65
19,19000,22736.32,720,PiG_Bot,1514.36
19,19000,22736.32,1007,SharkGull,1601.65
19,19000,22736.32,510,PhantomBot,1759.78
19,19000,22736.32,1049,TheCatSC2Bot,997.75
19,19000,22736.32,201,QueenBot,1602.37
19,19000,22736.32,961,AvocaDOS,1738.83
19,19000,22736.32,1065,MindMatrix,1468.69
19,19000,22736.32,970,TheLAW,1574.3
19,19000,22736.32,167,TyrT,1810.78
19,19000,22736.32,960,BigDaddy,1650.4
19,19000,22736.32,49,MicroMachine,1922.08
19,19000,22736.32,1030,who,1843.31
19,19000,22736.32,797,WickedBot,1715.81
19,19000,22736.32,1078,LoremIpsum,1271.77
19,19000,22736.32,517,VeTerran-revived,1810.57
19,19000,22736.32,1079,JimmyBotT,1642.41
19,19000,22736.32,338,smallBly,1776.44
19,19000,22736.32,1060,WildFire,1704.64
19,19000,22736.32,1081,ArtZerg,1524.31
19,19000,22736.32,496,Zozo,2076.23
19,19000,22736.32,518,norman,1673.37
19,19000,22736.32,1038,PolyMorph,1425.72
19,19000,22736.32,40,SharpenedEdge,1868.78
19,19000,22736.32,262,whalemean,1810.62
19,19000,22736.32,759,BotTato,1650.26
19,19000,22736.32,730,Deimos,2107.31
19,19000,22736.32,168,sharkbot,1842.89
19,19000,22736.32,1042,Creepy_duo_canon,1413.79
19,19000,22736.32,971,Nothing,1541.97
19,19000,22736.32,876,GenesisLotus,1401.93
19,19000,22736.32,998,LordSuperKing,1669.3
19,19000,22736.32,1023,MY_SCRIPTING_SON,1392.26
19,19000,22736.32,340,MechaShark,1727.53
19,19000,22736.32,901,clone,1714.76
19,19000,22736.32,953,ZeratulsRevengeTest,1691.46
19,19000,22736.32,708,Princess-Mika,1519.36
19,19000,22736.32,112,Tyckles,1333.3
19,19000,22736.32,809,PrimordialOrigin,1304.53
19,19000,22736.32,341,gotest,1389.75
19,19000,22736.32,275,Lissy,1511.6
19,19000,22736.32,1057,DoopyBot-Test,1372.05
19,19000,22736.32,357,12PoolBot,1715.13
19,19000,22736.32,605,nida,1645.59
19,19000,22736.32,1045,tito,1718.3
19,19000,22736.32,981,KoB,1501.23
19,19000,22736.32,732,GPT,1881.77
19,19000,22736.32,223,DominionDog,1883.17
19,19000,22736.32,779,oberon,1321.71
19,19000,22736.32,940,Princess-Mika-Test,1490.42
19,19000,22736.32,858,Crawler,1534.48
19,19000,22736.32,516,27turtles,1516.31
19,19000,22736.32,1052,Starlight,1261.4
19,19000,22736.32,446,Xena,1865.19
19,19000,22736.32,1050,onlyfans,1475.0
19,19000,22736.32,637,72Tortoises,1633.51
19,19000,22736.32,729,Alexa,1335.48
19,19000,22736.32,248,Eris,2177.22
19,19000,22736.32,117,Chance,1378.38
19,19000,22736.32,346,Sharkling,1825.64
19,19000,22736.32,930,SiriusBot,1573.25
19,19000,22736.32,966,ArgoBot,1942.62
19,19000,22736.32,832,muravev,1591.34
19,19000,22736.32,115,BenBotBC,1981.51
19,19000,22736.32,718,Mulebot,1632.14
19,19000,22736.32,939,RustyNikolaj,1485.71
19,19000,22736.32,1044,DoopyBot,1483.27
19,19000,22736.32,1026,WildLupo,1182.3
19,19000,22736.32,977,Siriusly,1471.64
19,19000,22736.32,699,Clicadinha,1584.03
19,19000,22736.32,352,Belzebuth,1250.55
20,20000,24038.53,836,muravevTerran,1441.61
20,20000,24038.53,1054,JimmyBotZ,1594.9
20,20000,24038.53,1008,Creepy_canon,1561.62
20,20000,24038.53,1089,WorkingAsIntended,1616.5
20,20000,24038.53,1058,JimmyBotP,1587.79
20,20000,24038.53,1082,Dasyatis,1526.94
20,20000,24038.53,827,smokinggunbot,1606.07
20,20000,24038.53,1085,AgoraLord,1358.45
20,20000,24038.53,943,puck,1463.93
20,20000,24038.53,721,49Terrapins,1484.63
20,20000,24038.53,1080,JimmyBot,1615.31
20,20000,24038.53,526,Apidae,1682.86
20,20000,24038.53,720,PiG_Bot,1541.07
20,20000,24038.53,1007,SharkGull,1581.34
20,20000,24038.53,510,PhantomBot,1732.23
20,20000,24038.53,1049,TheCatSC2Bot,1008.39
20,20000,24038.53,201,QueenBot,1616.85
20,20000,24038.53,961,AvocaDOS,1762.76
20,20000,24038.53,1065,MindMatrix,1480.49
20,20000,24038.53,970,TheLAW,1527.5
20,20000,24038.53,167,TyrT,1822.56
20,20000,24038.53,960,BigDaddy,1630.04
20,20000,24038.53,49,MicroMachine,1987.24
20,20000,24038.53,1030,who,1911.0
20,20000,24038.53,797,WickedBot,1676.52
20,20000,24038.53,1078,LoremIpsum,1284.11
20,20000,24038.53,517,VeTerran-revived,1819.29
20,20000,24038.53,1079,JimmyBotT,1603.95
20,20000,24038.53,338,smallBly,1818.73
20,20000,24038.53,1060,WildFire,1653.22
20,20000,24038.53,1081,ArtZerg,1546.8
20,20000,24038.53,496,Zozo,2022.47
20,20000,24038.53,518,norman,1612.87
20,20000,24038.53,1038,PolyMorph,1443.68
20,20000,24038.53,40,SharpenedEdge,1863.29
20,20000,24038.53,262,whalemean,1784.07
20,20000,24038.53,759,BotTato,1634.8
20,20000,24038.53,730,Deimos,2103.99
20,20000,24038.53,168,sharkbot,1859.14
20,20000,24038.53,1042,Creepy_duo_canon,1421.26
20,20000,24038.53,971,Nothing,1578.56
20,20000,24038.53,876,GenesisLotus,1468.65
20,20000,24038.53,998,LordSuperKing,1635.01
20,20000,24038.53,1023,MY_SCRIPTING_SON,1405.91
20,20000,24038.53,340,MechaShark,1724.59
20,20000,24038.53,901,clone,1695.2
20,20000,24038.53,953,ZeratulsRevengeTest,1706.1
20,20000,24038.53,708,Princess-Mika,1510.03
20,20000,24038.53,112,Tyckles,1306.67
20,20000,24038.53,809,PrimordialOrigin,1342.33
20,20000,24038.53,341,gotest,1347.92
20,20000,24038.53,275,Lissy,1561.81
20,20000,24038.53,1057,DoopyBot-Test,1315.12
20,20000,24038.53,357,12PoolBot,1756.04
20,20000,24038.53,605,nida,1683.14
20,20000,24038.53,1045,tito,1740.55
20,20000,24038.53,981,KoB,1535.68
20,20000,24038.53,732,GPT,1912.67
20,20000,24038.53,223,DominionDog,1888.05
20,20000,24038.53,779,oberon,1259.38
20,20000,24038.53,940,Princess-Mika-Test,1498.94
20,20000,24038.53,858,Crawler,1552.11
20,20000,24038.53,516,27turtles,1486.5
20,20000,24038.53,1052,Starlight,1211.15
20,20000,24038.53,446,Xena,1823.33
20,20000,24038.53,1050,onlyfans,1535.87
20,20000,24038.53,637,72Tortoises,1620.01
20,20000,24038.53,729,Alexa,1304.64
20,20000,24038.53,248,Eris,2200.1
20,20000,24038.53,117,Chance,1344.4
20,20000,24038.53,346,Sharkling,1802.47
20,20000,24038.53,930,SiriusBot,1538.05
20,20000,24038.53,966,ArgoBot,1945.73
20,20000,24038.53,832,muravev,1611.32
20,20000,24038.53,115,BenBotBC,1995.8
20,20000,24038.53,718,Mulebot,1599.21
20,20000,24038.53,939,RustyNikolaj,1496.23
20,20000,24038.53,1044,DoopyBot,1476.49
20,20000,24038.53,1026,WildLupo,1206.69
20,20000,24038.53,977,Siriusly,1466.22
20,20000,24038.53,699,Clicadinha,1579.12
20,20000,24038.53,352,Belzebuth,1241.95
