bot_id,name,race,elo,active,bot_data_enabled,division
759,BotTato,T,1917,True,False,2
167,TyrT,T,1906,True,True,2
605,nida,P,1655,True,False,3
797,WickedBot,T,1973,True,False,1
248,Eris,Z,2339,True,False,1
730,Deimos,P,2301,True,True,1
1030,who,R,2078,True,True,1
201,QueenBot,Z,1617,True,False,3
961,AvocaDOS,T,1737,True,True,2
117,Chance,R,1268,True,True,7
970,TheLAW,T,1718,True,True,3
779,oberon,T,1420,True,False,6
943,puck,P,1566,True,True,5
732,GPT,T,2018,True,True,1
1038,PolyMorph,Z,1500,True,False,6
718,Mulebot,T,1680,True,True,3
960,BigDaddy,T,1664,True,True,3
115,BenBotBC,T,2167,True,True,1
168,sharkbot,P,2004,True,True,1
510,PhantomBot,Z,2134,True,True,1
347,PhantomTest,Z,1974,False,True,0
338,smallBly,Z,2011,True,True,1
262,whalemean,R,1890,True,True,2
346,Sharkling,Z,1852,True,True,2
340,MechaShark,T,1824,True,True,2
827,smokinggunbot,T,1637,True,True,3
1032,WaterLeak,Z,1876,False,True,0
948,titania,Z,1185,False,False,0
1045,tito,Z,2054,True,True,1
1049,TheCatSC2Bot,P,1034,True,True,7
1023,MY_SCRIPTING_SON,Z,1325,True,False,7
876,GenesisLotus,P,1506,True,True,5
809,PrimordialOrigin,P,1323,True,False,7
971,Nothing,P,1536,False,True,0
708,Princess-Mika,Z,1518,True,True,5
940,Princess-Mika-Test,Z,1515,True,True,5
709,Laser-Circus,P,1299,True,False,7
518,norman,P,1717,True,False,3
901,clone,T,1648,False,True,0
699,Clicadinha,Z,1715,True,False,3
981,KoB,Z,1633,True,True,4
930,SiriusBot,R,1552,True,True,5
977,Siriusly,R,1388,True,False,6
352,Belzebuth,Z,821,True,True,5
966,ArgoBot,P,2048,True,True,1
959,ur_moms_a_ho,Z,1600,False,False,0
729,Alexa,T,1442,True,False,6
1050,onlyfans,T,1531,True,False,5
1044,DoopyBot,Z,1368,True,False,6
1026,WildLupo,P,1275,True,True,7
1052,Starlight,P,1278,True,True,7
446,Xena,R,2158,True,True,1
223,DominionDog,T,1988,True,True,1
858,Crawler,Z,1600,True,True,4
1054,JimmyBotZ,Z,1909,True,False,2
40,SharpenedEdge,P,2067,True,True,1
1029,Chomppet,T,1600,False,False,0
832,muravev,Z,1647,True,False,3
49,MicroMachine,T,2069,True,True,1
1056,bilisaur,Z,1600,False,False,0
637,72Tortoises,Z,1720,True,False,3
516,27turtles,T,1588,True,True,4
721,49Terrapins,P,1506,True,False,6
517,VeTerran-revived,T,1968,True,True,1
496,Zozo,P,2103,True,True,1
939,RustyNikolaj,T,1493,True,False,6
1057,DoopyBot-Test,Z,1279,True,False,7
526,Apidae,P,1729,True,True,3
112,Tyckles,P,1392,False,True,0
341,gotest,Z,1346,False,False,0
51,Krillin,Z,1600,True,True,3
1058,JimmyBotP,P,2033,True,False,1
1042,Creepy_duo_canon,P,1610,True,False,4
357,12PoolBot,Z,1764,True,False,2
1059,NextProBot,Z,1600,True,True,3
1060,WildFire,Z,1569,False,True,0
998,LordSuperKing,P,1789,True,False,2
813,MewCombatMicro,R,1511,False,False,0
962,AvocaDEV,T,1700,False,True,0
953,ZeratulsRevengeTest,P,1725,True,False,2
275,Lissy,Z,1615,True,False,4
720,PiG_Bot,P,1698,True,True,3
1065,MindMatrix,Z,1482,False,True,0
1066,CompetitiveBotTest,T,1482,False,False,0
1067,Hello_world,Z,1600,False,True,0
1078,LoremIpsum,Z,1347,True,True,7
1079,JimmyBotT,T,1862,True,False,2
1080,JimmyBot,R,1875,True,False,2
1081,ArtZerg,Z,1666,True,True,4
1007,SharkGull,Z,1669,True,False,3
1082,Dasyatis,P,1588,False,False,0
836,muravevTerran,T,1540,True,False,5
1084,ZippyZap,R,1457,False,True,0
1085,AgoraLord,R,1416,False,False,0
1086,CherBoiBlue,R,1500,False,False,0
374,SwarmLord,Z,1600,False,True,0
1087,SwarmLord2,R,1533,False,True,0
1088,SwarmLord3,R,1562,False,True,0
1089,WorkingAsIntended,R,1558,True,True,5
1008,Creepy_canon,P,1459,False,False,0
1091,chito,Z,1896,True,False,2
1092,BobbyBot,R,1430,False,False,0
1093,iGottaCRush,P,1315,True,True,7
306,Dovahkiin,Z,1697,False,True,0
1094,OBODT,P,1545,False,False,0
1095,DasyBot,P,1574,True,True,5
555,Visenya,Z,1559,True,True,5
1096,BobbyBotV2,R,1472,False,False,0
611,Phobos,T,2220,True,True,1
938,Cyne,P,1775,True,True,3
390,Caninana,Z,2069,True,False,1
1098,BobbyBotV4,R,1519,False,False,0
1099,BobbyBotV5,R,1537,False,False,0
1100,BobbyBotV6,R,1449,False,False,0
1101,BobbyBotV7,R,1459,False,True,0
1102,BobbyBotV8,R,1526,False,True,0
1103,BobbyBotV9,R,1527,False,True,0
1104,NecroBot,Z,1469,True,True,6
1105,BobbyBotV10,R,1600,False,True,0
1106,BobbyBotV11,R,1432,False,True,0
1107,BobbyBotV12,R,1396,False,True,0
502,PerilousProtossBot,P,1745,True,True,2
931,DownedStar,P,1600,False,True,0
1109,DownedStar1,T,1213,False,True,0
1110,BobbyBotV13,R,1448,True,True,6
1111,Forgefiend,P,1657,False,True,0
937,Stockfish,T,1552,True,True,5
1112,Necrobot-micro-test,Z,1472,False,True,0
1113,TheGoatZ,Z,1557,False,True,0
1114,CynEX,P,1677,False,False,0
1115,OMAZ,Z,1523,False,True,0
919,FlowerPrincess,Z,1736,True,False,3
747,Klakinn,P,1599,True,True,4
1116,OmegaZ,Z,1600,False,True,0
1117,CodeX001,P,810,True,False,7
1118,Hannibal,Z,1600,False,False,0
1119,Hannibal_v2,Z,1455,True,False,4
1108,Arpy,P,1590,True,False,4
1123,Myztery,Z,1356,True,True,7
1125,bottinger,Z,1600,False,False,0
1126,protossinger,P,1332,False,True,0
1127,Hellcannon,P,1609,False,True,0
1129,Persephone,Z,1685,True,False,3
64,TyrP,P,1973,True,True,1
815,Aeolus,P,1827,True,True,2
1138,GLM_Bot,Z,1564,True,False,4
1140,kas,Z,1630,True,True,3
1141,StarK234,T,1529,False,True,0
1142,SunsetOrpheus,R,1600,False,False,0
1143,Montka,R,1654,True,True,3
1133,Leviabyss,Z,1240,True,True,7
946,Lighter,P,1517,True,True,5
941,Forsaken,T,1478,True,True,5
1148,StarK234-F88D-07436,T,1530,False,True,0
1147,StarK234-F88D-05932,T,1479,False,True,0
1146,StarK234-F88D-01363,T,1524,False,True,0
1149,WoundMaker,Z,1932,False,True,0
379,Roro,T,1916,True,False,1
536,Dodo,Z,1685,True,False,3
1151,Kauyon,P,1600,False,True,0
1145,StarK234-EKZ2-6714,T,1533,False,True,0
1152,StarK234_EKZ2_5335,T,1456,False,True,0
1153,StarK234_EKZ2_4326,T,1467,False,True,0
1154,ZEALOCALYPSE,P,1643,True,True,4
1155,IntrusiveThoughts,Z,1600,True,True,5
1130,Hestia,T,1608,True,False,4
1156,ArgoTest,P,1880,True,True,2
924,LunaxVRR,P,1851,True,False,2
834,muravevtest,Z,1742,True,False,3
1160,AlphaCheese,P,1394,True,True,6
1161,Overmind-Talento,Z,1600,False,False,0
1159,Battler,T,1587,False,True,0
1150,CryptBotRevival,P,1340,True,True,7
1162,Slowpoke,T,1363,True,False,6
1163,Souzoo,P,1600,True,True,5
1164,Souzooo,P,1600,True,False,5
1166,sc2br,T,1425,False,True,0
988,Creepy_macro,Z,1439,True,True,6
1167,Creepy_sentry,P,1394,False,False,0
1131,Asteria,P,1882,True,False,2
1168,Voltron,T,1755,True,True,2
1169,StarK234_0000,T,1477,True,True,6
574,zig-reapers,T,1636,True,False,4
1171,Starcraft-Agent-v01,T,1570,True,False,5
495,zig-spudde,T,1728,True,False,3
560,zigster,T,1303,False,False,0
1172,MangoShark,P,1344,True,False,7
935,LunaxVRRTest,P,1836,False,False,0
1173,Stark234_PR02,T,1496,False,True,0
1175,VeTerran-extended,R,1492,True,True,5
1176,RU,Z,1600,True,False,5
1177,Horizon,T,1960,True,True,2
1178,Thssprtssbt,P,1611,True,True,4
1179,Zummok,T,890,False,True,0
1180,OneBaseStalkerBot,P,1653,True,False,4
1181,sharpy_protoss_test1,P,1612,True,True,4
1182,AxeFighter,T,1582,True,True,4
1183,Kyant,Z,1560,False,True,0
1184,Terranosaur,T,1661,True,False,4
1185,Forge,P,1216,False,True,0
1186,Ares,Z,1431,True,True,6
772,lishimin,P,1602,True,True,4
1187,GriffinBot,T,1490,True,True,6
1188,BioBot,T,1546,True,False,5
1189,BioBotGod,T,1570,True,False,4
1190,JackBot2.0,T,1395,False,False,0
1191,CyraxxDKAkron,T,1413,False,False,0
1193,StarK234_0001,T,1532,False,True,0
1194,Thssprtssbt_fan,P,1615,True,True,3
604,t-bone,T,1524,True,True,5
1196,uthermalation,P,1600,True,True,7
1197,EvoChamber,Z,1600,False,True,0
1198,EvoChamberLinux,Z,1363,True,True,6
1199,CtrlZedTerran,T,1464,True,True,6
1200,3Js,T,1244,True,True,7
1203,SeralBot2.0,Z,1600,False,False,0
1202,SeralBot,Z,1600,False,False,0
1204,CARAPACE,Z,1397,True,False,6
1205,s3b_test,Z,1600,False,False,0
1206,s3b_test_linux,Z,1595,False,False,0
1207,BioBotThree,T,1600,False,False,0
1208,BioBot4.0,T,1571,True,False,5
1209,BioBot2.0,T,1549,True,False,4
1210,sc2ai_protoss,P,1591,True,False,5
1212,WilldZergBot,Z,1958,True,True,1
1213,MetaSwarm,Z,1406,False,True,0
1214,Slenderina,P,1624,True,True,4
1215,SakuroAlpha0.0.1,R,1600,False,False,0
1218,T,T,1600,False,False,0
1217,Z,Z,1600,False,False,0
1216,P,P,1600,False,False,0
1219,Random,R,1600,True,True,7
1220,Sakura,R,1333,True,False,7
1221,DemsTossV2,P,1610,True,True,4
1226,Enders_Shame,Z,1607,True,True,4
1225,PHASEEE,P,1341,True,True,7
1227,PylonPils,P,1443,True,True,6
742,Tartarus,Z,1695,True,False,3
1222,4ror4,P,1379,True,True,6
1224,KongBot,Z,1552,True,False,5
1231,ZerglingZwickel,Z,1480,True,True,6
1230,ThorTripel,T,1362,True,True,7
1229,RouletteRadler,R,1412,True,True,6
1232,MicroMachineEvo,T,1786,True,True,2
1233,StarK234_AT91O,T,1504,True,True,5
1234,StarK234_11Y1O,T,1461,True,True,6
1235,StarK234_7SYVJ,T,1514,True,True,5
1236,Creepy_strategies,P,1865,True,True,2
160,spudde,T,1834,True,True,2
1239,DownStar,T,1361,True,True,6
1238,Procyon,T,1535,True,True,5
1240,Omnigen,R,1600,True,False,7
1241,omnigenBot,R,1600,True,False,7
1245,Robotina2,T,1525,True,False,5
1243,testid0,Z,1559,True,True,4
1244,Robotina,R,1600,False,False,0
1223,PHASE,P,1600,True,False,7
